CustomerID,Total
12346.0,0.0
12347.0,4309.999999999997
12348.0,1797.24
12349.0,1757.55
12350.0,334.40000000000003
12352.0,1545.4100000000005
12353.0,89.0
12354.0,1079.4
12355.0,459.4
12356.0,2811.4300000000007
12357.0,6207.669999999996
12358.0,1168.06
12359.0,6245.530000000006
12360.0,2662.0600000000004
12361.0,189.89999999999998
12362.0,5154.580000000002
12363.0,552.0
12364.0,1313.1000000000001
12365.0,320.69
12367.0,168.9
12370.0,3545.689999999998
12371.0,1887.9600000000003
12372.0,1298.0400000000002
12373.0,364.6
12374.0,742.93
12375.0,455.42000000000013
12377.0,1628.1199999999997
12378.0,4008.6200000000013
12379.0,850.2899999999996
12380.0,2720.56
12381.0,1803.9600000000005
12383.0,1839.3099999999997
12384.0,566.16
12386.0,401.90000000000003
12388.0,2780.6600000000003
12390.0,549.8399999999999
12391.0,460.88999999999993
12393.0,1582.6000000000004
12394.0,1272.48
12395.0,2998.279999999999
12397.0,2409.9000000000005
12398.0,1635.6599999999999
12399.0,1108.65
12401.0,84.3
12402.0,225.6
12403.0,409.7
12405.0,1710.3900000000006
12406.0,3280.7500000000014
12407.0,1708.1199999999997
12408.0,2842.57
12409.0,11056.930000000004
12410.0,681.0799999999999
12412.0,1226.8799999999999
12413.0,694.15
12414.0,562.41
12415.0,123725.44999999987
12417.0,3578.8
12418.0,668.5799999999997
12420.0,600.3900000000001
12421.0,806.2700000000002
12422.0,803.5599999999998
12423.0,1849.1100000000001
12424.0,1760.9599999999998
12425.0,777.1999999999999
12426.0,582.7299999999999
12427.0,708.3700000000001
12428.0,7877.200000000004
12429.0,3750.400000000001
12430.0,256.4
12431.0,6416.389999999999
12432.0,5059.3200000000015
12433.0,13375.869999999992
12434.0,765.1899999999999
12435.0,7829.889999999998
12436.0,509.01000000000005
12437.0,4896.659999999998
12438.0,2906.8500000000004
12441.0,173.55
12442.0,172.06
12444.0,5005.46
12445.0,133.4
12446.0,1002.3099999999998
12447.0,476.49
12448.0,449.4500000000001
12449.0,4067.2900000000013
12450.0,197.88
12451.0,8933.519999999999
12452.0,428.57000000000005
12453.0,707.0899999999999
12454.0,-5.684341886080802e-14
12455.0,2466.859999999997
12456.0,3153.889999999998
12457.0,1917.78
12458.0,947.4000000000001
12461.0,826.8800000000001
12462.0,1124.0099999999998
12463.0,1303.6299999999997
12464.0,1212.0499999999997
12465.0,733.8900000000001
12468.0,724.04
12471.0,18740.91999999994
12472.0,6229.480000000004
12473.0,2848.2299999999996
12474.0,7116.47
12475.0,723.38
12476.0,6546.580000000007
12477.0,13117.009999999993
12478.0,680.9900000000002
12479.0,477.30000000000007
12480.0,3281.6300000000015
12481.0,5590.8600000000015
12483.0,2327.130000000001
12484.0,4495.27
12488.0,1298.6599999999999
12489.0,334.92999999999995
12490.0,5417.9299999999985
12491.0,460.4000000000001
12492.0,263.21
12493.0,416.79
12494.0,1139.3500000000008
12497.0,1043.1
12498.0,403.7
12500.0,4206.2699999999995
12501.0,2089.68
12502.0,3723.87
12503.0,-1126.0
12504.0,114.00000000000003
12505.0,-4.5
12506.0,73.50000000000003
12507.0,1258.06
12508.0,398.27000000000004
12509.0,176.5
12510.0,982.57
12512.0,138.03000000000006
12513.0,586.7900000000001
12514.0,1017.6800000000002
12515.0,383.7
12516.0,1312.06
12517.0,2464.8899999999994
12518.0,2056.8899999999994
12519.0,340.84
12520.0,2582.5099999999998
12521.0,599.6800000000001
12522.0,192.72000000000003
12523.0,1745.5700000000006
12524.0,4485.719999999999
12526.0,1316.6600000000005
12527.0,348.71000000000004
12528.0,1922.2800000000009
12530.0,1623.6299999999994
12531.0,125.22
12532.0,349.83
12534.0,1089.18
12535.0,716.3500000000001
12536.0,4106.820000000003
12538.0,363.95
12539.0,3852.4999999999986
12540.0,13309.039999999992
12541.0,981.1800000000002
12544.0,355.7
12545.0,1000.3899999999999
12546.0,1141.5
12547.0,207.8
12548.0,95.19999999999999
12550.0,964.8299999999994
12551.0,168.0
12552.0,437.81999999999994
12553.0,3652.2500000000014
12556.0,603.7099999999997
12557.0,11990.96
12558.0,2.6645352591003757e-14
12559.0,536.2099999999999
12560.0,2101.3900000000003
12561.0,238.85
12562.0,3781.7400000000025
12564.0,456.9000000000001
12565.0,131.17
12566.0,346.70000000000005
12567.0,9114.939999999993
12569.0,4064.989999999999
12571.0,519.6099999999999
12572.0,1004.7200000000003
12573.0,160.54
12574.0,218.45000000000002
12576.0,1306.9799999999998
12577.0,595.4000000000003
12578.0,2753.3599999999988
12579.0,410.71999999999997
12580.0,415.7
12581.0,197.70999999999998
12582.0,511.3599999999999
12583.0,7187.339999999993
12584.0,1893.9500000000005
12585.0,1982.809999999999
12586.0,179.94
12587.0,144.0
12588.0,214.9
12589.0,646.6800000000001
12590.0,9861.380000000003
12591.0,452.84999999999985
12592.0,437.59999999999997
12593.0,418.09999999999997
12594.0,3320.2199999999984
12596.0,618.27
12597.0,3683.1300000000015
12598.0,3002.679999999999
12599.0,1032.5800000000006
12600.0,2581.0400000000004
12601.0,569.5600000000001
12602.0,153.12000000000003
12603.0,739.1999999999999
12604.0,254.17999999999995
12605.0,-7.5
12607.0,3.339550858072471e-13
12609.0,1126.8500000000001
12610.0,2057.9900000000007
12611.0,1193.32
12612.0,643.5900000000001
12613.0,3218.979999999998
12614.0,315.59999999999997
12615.0,2291.1900000000005
12616.0,657.25
12617.0,355.5300000000002
12618.0,177.31
12619.0,3214.81
12620.0,1339.4099999999999
12621.0,13612.069999999998
12622.0,180.09999999999997
12623.0,305.1
12624.0,641.1300000000001
12625.0,2614.3199999999997
12626.0,6388.3499999999985
12627.0,4478.53
12628.0,769.6099999999998
12630.0,1270.8799999999999
12631.0,640.5000000000002
12633.0,2140.6299999999997
12635.0,1689.18
12637.0,5953.25
12638.0,671.69
12639.0,486.1
12640.0,1174.58
12641.0,185.9
12642.0,1013.26
12643.0,3344.6400000000003
12644.0,477.9100000000001
12645.0,1755.3800000000006
12646.0,1346.9700000000003
12647.0,3669.9200000000005
12648.0,318.05
12649.0,603.7099999999999
12650.0,314.44
12651.0,114.00000000000003
12652.0,914.5299999999997
12653.0,2209.8500000000004
12654.0,601.98
12656.0,3982.720000000002
12657.0,1152.06
12658.0,686.0500000000001
12659.0,91.68
12660.0,245.10000000000002
12662.0,3817.079999999998
12664.0,4863.879999999999
12665.0,61.75
12666.0,-227.44
12667.0,620.13
12668.0,3743.180000000002
12669.0,1607.7300000000002
12670.0,2986.1500000000005
12672.0,225.9
12673.0,610.52
12674.0,1919.3100000000002
12676.0,1331.3900000000006
12678.0,17588.260000000002
12679.0,1058.67
12680.0,862.81
12681.0,13677.59
12682.0,12288.219999999998
12683.0,8221.09
12684.0,2283.6299999999997
12685.0,2863.0800000000004
12686.0,89.14
12688.0,4873.810000000005
12689.0,1247.61
12690.0,389.00999999999993
12691.0,1035.8
12693.0,830.9599999999997
12694.0,869.6699999999998
12695.0,582.1
12697.0,939.02
12700.0,4867.990000000006
12701.0,797.7099999999999
12702.0,219.0
12703.0,274.69999999999993
12704.0,2220.84
12705.0,6814.240000000004
12707.0,603.42
12708.0,2616.320000000001
12709.0,9294.099999999993
12710.0,1130.5700000000006
12712.0,4241.629999999999
12713.0,848.5499999999998
12714.0,4708.859999999994
12715.0,353.85999999999996
12716.0,1053.4899999999996
12717.0,980.98
12718.0,238.25000000000003
12719.0,608.0999999999999
12720.0,5713.2800000000025
12721.0,2628.980000000001
12722.0,904.33
12723.0,725.0699999999998
12724.0,1031.4099999999999
12725.0,427.79999999999995
12726.0,2609.1000000000004
12727.0,3947.7000000000003
12728.0,836.3299999999999
12729.0,453.0100000000001
12731.0,18793.410000000007
12732.0,236.2600000000001
12733.0,383.95
12734.0,110.39999999999999
12735.0,779.5699999999998
12736.0,234.00000000000003
12738.0,155.35
12739.0,1013.0400000000001
12740.0,427.5999999999999
12743.0,546.4299999999997
12744.0,9120.39
12747.0,4196.010000000001
12748.0,29072.100000000413
12749.0,3868.2000000000016
12750.0,275.88
12752.0,4366.779999999999
12753.0,21024.010000000002
12754.0,2949.12
12755.0,2203.1999999999994
12756.0,112.08000000000001
12757.0,4227.7000000000035
12758.0,2791.590000000001
12759.0,1531.4400000000007
12762.0,1898.5200000000004
12763.0,494.08
12764.0,1693.8800000000003
12766.0,6989.629999999999
12769.0,1143.6000000000001
12770.0,1351.4499999999998
12772.0,892.4700000000004
12775.0,1351.2400000000002
12778.0,804.2300000000001
12779.0,3868.700000000003
12781.0,707.72
12782.0,2273.3200000000015
12783.0,1603.8699999999997
12784.0,574.42
12785.0,305.71
12787.0,463.65999999999997
12789.0,91.85000000000001
12790.0,324.9200000000001
12791.0,192.60000000000002
12792.0,400.54
12793.0,545.48
12794.0,860.4099999999999
12795.0,430.4800000000001
12797.0,194.18
12798.0,6977.039999999999
12802.0,412.5799999999999
12808.0,483.65000000000015
12809.0,484.36
12811.0,514.85
12812.0,229.63999999999993
12814.0,125.92
12815.0,1063.46
12816.0,572.2
12817.0,166.04
12818.0,1517.8799999999999
12820.0,942.3399999999999
12821.0,92.72
12822.0,918.9799999999999
12823.0,1759.5
12824.0,397.11999999999995
12826.0,1468.1199999999997
12827.0,430.15
12828.0,1018.7100000000003
12829.0,253.05
12830.0,6748.4000000000015
12831.0,215.05
12832.0,383.03000000000003
12833.0,417.37999999999994
12834.0,312.38
12836.0,2612.8599999999988
12837.0,134.1
12838.0,683.1299999999994
12839.0,5583.620000000003
12840.0,2714.269999999999
12841.0,3876.399999999998
12842.0,1118.99
12843.0,1680.76
12844.0,325.9599999999999
12845.0,354.09000000000003
12847.0,871.5399999999998
12849.0,1050.8899999999999
12851.0,135.17999999999995
12852.0,299.75
12853.0,1881.6999999999998
12854.0,1289.1500000000003
12855.0,38.1
12856.0,2162.680000000001
12857.0,1106.4000000000003
12863.0,504.20000000000005
12864.0,147.12
12865.0,1548.0699999999993
12866.0,559.1199999999999
12867.0,3986.2199999999953
12868.0,1607.0600000000009
12870.0,-14.899999999999999
12871.0,380.64000000000004
12872.0,599.9699999999998
12873.0,374.0
12875.0,343.2300000000001
12876.0,2218.0200000000004
12877.0,1535.7700000000007
12878.0,841.6399999999999
12879.0,552.57
12881.0,298.0
12882.0,1463.0399999999995
12883.0,703.4700000000001
12884.0,309.05000000000007
12885.0,1158.2699999999995
12886.0,1351.0900000000001
12888.0,313.77
12890.0,380.46999999999997
12891.0,331.0
12893.0,188.14
12895.0,347.29999999999995
12897.0,216.5
12901.0,16293.099999999997
12902.0,138.68
12904.0,509.57999999999976
12906.0,2919.809999999999
12908.0,246.0
12909.0,2128.83
12910.0,3075.0400000000013
12912.0,1662.3
12913.0,2483.6299999999997
12915.0,363.65
12916.0,2982.350000000001
12917.0,594.0
12919.0,1301.4399999999998
12920.0,164.23000000000002
12921.0,16389.740000000016
12922.0,405.38
12923.0,176.97
12924.0,929.9500000000003
12925.0,694.0499999999998
12928.0,2062.6999999999994
12929.0,105.10000000000001
12930.0,409.90000000000003
12931.0,33462.810000000005
12933.0,606.2799999999999
12935.0,2156.4499999999994
12936.0,1012.9000000000003
12937.0,1504.2700000000004
12938.0,114.14
12939.0,11581.8
12940.0,876.29
12942.0,683.9000000000001
12943.0,-3.75
12944.0,604.51
12945.0,462.95000000000005
12947.0,1407.29
12948.0,2053.7
12949.0,4143.020000000001
12950.0,1843.0
12951.0,1042.0700000000002
12952.0,1382.8400000000004
12953.0,329.84999999999997
12955.0,4734.259999999999
12956.0,108.07
12957.0,3979.0400000000022
12962.0,266.39000000000004
12963.0,1841.0299999999995
12965.0,771.9099999999996
12966.0,160.18
12967.0,1194.7500000000002
12968.0,135.95
12970.0,452.23999999999995
12971.0,10930.259999999998
12974.0,144.8
12976.0,738.6
12977.0,39.24
12980.0,7092.06
12981.0,372.21999999999997
12982.0,377.2
12984.0,97.5
12985.0,1215.6200000000001
12987.0,545.0
12988.0,535.32
12989.0,6854.509999999997
12990.0,409.50000000000006
12991.0,503.76
12993.0,414.75999999999993
12994.0,902.2200000000001
12995.0,200.72
12997.0,1197.94
12999.0,455.8799999999999
13000.0,534.8500000000001
13001.0,9797.920000000013
13002.0,120.94999999999999
13003.0,149.05
13004.0,5613.429999999999
13005.0,468.95000000000005
13006.0,81.57
13008.0,178.47
13011.0,50.550000000000004
13012.0,1311.6200000000008
13013.0,4786.990000000001
13014.0,3365.4300000000003
13015.0,3346.2800000000016
13016.0,789.8899999999996
13017.0,204.0
13018.0,7272.749999999996
13021.0,2584.3999999999996
13023.0,689.9000000000001
13026.0,936.1499999999997
13027.0,6912.0
13028.0,659.6800000000001
13029.0,1247.5
13030.0,799.4800000000001
13032.0,996.5199999999999
13033.0,190.54999999999998
13034.0,642.77
13035.0,886.6300000000001
13037.0,881.07
13038.0,908.46
13040.0,676.9900000000001
13043.0,471.57000000000005
13044.0,560.4700000000001
13045.0,305.28
13046.0,629.31
13047.0,3079.1000000000013
13048.0,1805.9099999999994
13049.0,656.6800000000002
13050.0,5684.610000000003
13052.0,348.15000000000003
13055.0,1201.96
13058.0,271.4
13059.0,183.4
13060.0,307.53000000000003
13061.0,248.61
13062.0,346.98
13064.0,1119.4900000000005
13065.0,205.85999999999999
13066.0,430.9000000000001
13067.0,115.46000000000002
13068.0,344.0
13069.0,3717.819999999998
13070.0,228.8
13072.0,177.14999999999998
13075.0,919.61
13077.0,729.2700000000001
13078.0,12432.279999999997
13079.0,220.09999999999997
13080.0,58.08
13081.0,27964.480000000047
13082.0,3595.4800000000005
13083.0,303.75
13085.0,272.38
13089.0,57385.880000000114
13090.0,8689.390000000003
13091.0,319.82
13092.0,459.83
13093.0,7741.47
13094.0,1708.8600000000006
13095.0,74.4
13097.0,5893.319999999993
13098.0,28658.880000000012
13099.0,207.35999999999999
13101.0,101.18999999999998
13102.0,6336.290000000001
13103.0,243.94
13104.0,1098.48
13106.0,59.5
13107.0,1524.0700000000004
13108.0,350.05999999999995
13109.0,766.84
13110.0,1452.8700000000006
13113.0,10510.000000000007
13115.0,2205.6300000000006
13116.0,485.19000000000005
13117.0,984.9099999999996
13118.0,1124.9999999999993
13120.0,30.599999999999998
13121.0,254.7299999999999
13122.0,922.3900000000002
13124.0,3866.3299999999977
13126.0,2056.29
13127.0,259.16999999999996
13130.0,64.0
13131.0,1039.2999999999997
13132.0,77.3
13133.0,109.80000000000001
13134.0,1740.6299999999999
13135.0,3096.0
13136.0,2545.3800000000006
13137.0,3605.0799999999995
13138.0,962.3900000000001
13139.0,5055.790000000004
13140.0,423.71999999999997
13141.0,2385.7999999999993
13142.0,307.0899999999999
13144.0,110.94999999999999
13145.0,614.77
13146.0,228.91
13147.0,712.8000000000001
13148.0,3348.4799999999996
13149.0,1676.0599999999997
13151.0,1250.3700000000003
13153.0,486.22
13154.0,-611.86
13155.0,971.76
13157.0,1721.5699999999993
13158.0,1201.0600000000004
13159.0,1379.7500000000007
13160.0,91.8
13161.0,112.75
13162.0,1644.9899999999996
13165.0,1021.4799999999999
13166.0,414.69999999999993
13167.0,791.3300000000002
13168.0,1310.14
13169.0,712.88
13170.0,116.01000000000002
13171.0,426.8099999999999
13173.0,353.65000000000003
13174.0,2817.0300000000007
13176.0,492.8400000000001
13177.0,282.45
13178.0,5725.470000000003
13182.0,121.17999999999999
13183.0,3957.7800000000016
13184.0,1648.7900000000009
13185.0,71.4
13186.0,1539.6900000000003
13187.0,236.01999999999995
13188.0,114.60000000000001
13189.0,260.68
13192.0,911.9400000000002
13193.0,117.88000000000001
13194.0,60.7
13196.0,1797.78
13198.0,3384.0899999999974
13199.0,9803.960000000003
13200.0,870.09
13203.0,869.4599999999999
13207.0,250.26000000000002
13208.0,1205.8999999999999
13209.0,5820.16
13210.0,353.47999999999996
13211.0,1197.4199999999998
13212.0,780.5799999999998
13213.0,1518.4300000000003
13216.0,333.74
13217.0,133.62000000000003
13218.0,62.64
13220.0,819.29
13221.0,847.4100000000001
13223.0,163.20000000000002
13224.0,2150.8499999999995
13225.0,6083.040000000002
13226.0,108.21000000000001
13227.0,257.7
13228.0,358.0
13229.0,160.95
13230.0,2763.4100000000008
13232.0,1357.6000000000015
13233.0,605.1200000000001
13235.0,101.16999999999973
13236.0,727.2700000000001
13238.0,680.8300000000002
13239.0,329.56
13240.0,663.6500000000001
13242.0,270.40000000000003
13243.0,600.07
13244.0,121.74000000000001
13245.0,430.5
13246.0,1922.1000000000008
13247.0,501.12
13248.0,465.6799999999999
13249.0,711.41
13253.0,1030.3999999999999
13255.0,390.65999999999997
13256.0,0.0
13258.0,698.5799999999999
13259.0,292.3199999999999
13260.0,557.6200000000001
13261.0,944.1
13262.0,200.29000000000002
13263.0,7454.069999999956
13265.0,2107.6600000000008
13266.0,3717.6699999999996
13267.0,4404.440000000001
13268.0,3167.639999999999
13269.0,5315.919999999999
13270.0,590.0
13271.0,178.25999999999988
13272.0,276.56000000000006
13273.0,138.97999999999996
13276.0,590.93
13277.0,258.4
13278.0,542.73
13279.0,126.3
13280.0,814.8600000000001
13282.0,1047.84
13283.0,93.66
13284.0,196.15
13285.0,2709.1200000000003
13291.0,361.10999999999996
13292.0,578.9399999999999
13294.0,873.7399999999998
13295.0,197.95
13296.0,87.4
13297.0,2089.8500000000004
13298.0,360.0
13299.0,142.5
13300.0,365.2900000000001
13301.0,618.0899999999998
13302.0,63.75
13304.0,300.4199999999999
13305.0,2000.8599999999992
13307.0,15.0
13308.0,1367.6100000000001
13309.0,1456.7899999999993
13310.0,1083.63
13311.0,598.57
13313.0,1555.3199999999993
13314.0,578.6600000000001
13316.0,5815.490000000002
13317.0,2140.0699999999993
13318.0,640.76
13319.0,10664.33999999999
13320.0,1491.7000000000003
13321.0,567.36
13322.0,199.48
13323.0,787.85
13324.0,7072.799999999994
13325.0,675.3
13327.0,3617.5699999999983
13328.0,1308.48
13329.0,740.3999999999999
13330.0,1140.9299999999996
13332.0,350.9
13334.0,3536.819999999998
13336.0,795.12
13338.0,431.82
13339.0,860.1200000000002
13340.0,10736.47999999999
13341.0,775.8499999999999
13343.0,303.93
13344.0,2543.720000000002
13345.0,377.6000000000001
13347.0,341.36
13348.0,233.76
13349.0,247.31999999999996
13350.0,910.7199999999998
13351.0,373.94
13352.0,389.2800000000001
13354.0,743.5300000000003
13355.0,674.7
13356.0,768.2400000000001
13357.0,609.9500000000002
13358.0,439.03000000000003
13359.0,431.25999999999993
13362.0,3085.4899999999984
13363.0,992.5000000000002
13364.0,2.1316282072803006e-14
13365.0,2191.220000000001
13366.0,56.160000000000004
13368.0,623.4
13369.0,263.75000000000006
13370.0,721.3200000000003
13372.0,378.64
13373.0,3312.2500000000005
13375.0,772.8999999999997
13376.0,1019.7600000000003
13379.0,572.5599999999997
13381.0,3626.8100000000004
13382.0,222.99
13384.0,4122.28
13385.0,534.5700000000002
13388.0,627.1500000000001
13389.0,797.96
13390.0,544.0799999999999
13391.0,59.8
13394.0,2312.7999999999997
13395.0,307.72
13396.0,1325.2899999999997
13397.0,1539.1799999999998
13398.0,457.3400000000001
13402.0,621.2300000000002
13403.0,75.0
13404.0,252.48999999999998
13405.0,572.4509999999999
13408.0,27487.409999999985
13410.0,988.9100000000001
13411.0,213.55000000000004
13414.0,1390.5
13416.0,712.5000000000001
13417.0,640.83
13418.0,5845.439999999999
13419.0,221.05999999999995
13420.0,140.35
13421.0,1848.9799999999993
13422.0,2601.5500000000006
13425.0,1624.2099999999998
13426.0,3550.6999999999975
13427.0,582.6
13428.0,218.46999999999994
13429.0,1006.8000000000001
13430.0,648.6899999999998
13431.0,1269.0999999999995
13434.0,534.24
13435.0,3794.49
13436.0,196.88999999999996
13437.0,3408.0599999999995
13439.0,283.71
13441.0,296.64000000000004
13447.0,1104.2300000000002
13448.0,3465.6700000000023
13449.0,291.88
13450.0,2043.7200000000003
13451.0,2916.45
13452.0,590.0
13453.0,356.98
13455.0,1007.3499999999997
13456.0,1737.8199999999997
13458.0,9537.919999999998
13460.0,183.44
13461.0,1445.0000000000002
13462.0,143.25
13464.0,674.6800000000002
13466.0,297.95000000000005
13467.0,1083.71
13468.0,5656.750000000002
13470.0,165.0
13471.0,2531.579999999998
13473.0,417.53999999999996
13474.0,229.58999999999997
13475.0,1431.7800000000009
13476.0,1092.7699999999998
13477.0,1441.529999999999
13479.0,291.0
13481.0,1776.809999999999
13482.0,184.64
13483.0,140.34000000000003
13484.0,313.79999999999995
13485.0,454.24
13486.0,1122.4099999999999
13487.0,575.4000000000001
13488.0,8910.609999999999
13489.0,449.52
13491.0,1215.82
13492.0,1269.8400000000006
13493.0,618.63
13494.0,316.26
13495.0,1990.1199999999994
13496.0,617.93
13497.0,321.04999999999995
13499.0,1146.96
13500.0,1136.7700000000002
13501.0,1310.4699999999998
13502.0,292.0
13503.0,216.84999999999997
13504.0,295.93
13505.0,4282.879999999999
13506.0,452.82000000000005
13507.0,2479.159999999999
13508.0,110.97
13509.0,979.7200000000001
13510.0,1785.1599999999983
13512.0,251.20999999999998
13513.0,205.09999999999997
13514.0,152.20000000000002
13515.0,891.1200000000002
13516.0,1389.4100000000003
13517.0,2109.0699999999997
13518.0,659.4399999999998
13519.0,110.8
13520.0,3487.749999999999
13521.0,1093.6500000000003
13522.0,125.80000000000001
13523.0,3755.3800000000006
13524.0,680.1800000000001
13525.0,628.78
13527.0,2263.76
13529.0,307.76
13531.0,483.8000000000001
13532.0,210.30999999999983
13533.0,270.79000000000013
13534.0,5613.080000000015
13536.0,3448.2899999999986
13538.0,1280.85
13539.0,605.8400000000001
13544.0,291.4099999999999
13546.0,626.9899999999999
13548.0,682.41
13549.0,916.1199999999999
13551.0,91.80000000000001
13552.0,3539.530000000001
13555.0,4149.2800000000025
13557.0,584.0600000000001
13558.0,605.0599999999998
13560.0,174.37000000000003
13561.0,141.86
13562.0,1799.3299999999988
13563.0,777.5300000000001
13564.0,647.7400000000006
13565.0,240.22000000000006
13566.0,874.7099999999997
13568.0,192.85000000000005
13569.0,373.74999999999994
13570.0,239.49000000000004
13571.0,2092.32
13572.0,1384.25
13573.0,294.4
13575.0,732.0699999999997
13576.0,6703.3
13577.0,1658.2999999999988
13579.0,467.03999999999996
13581.0,117.99999999999999
13583.0,781.0300000000002
13584.0,142.40000000000003
13587.0,347.0
13588.0,2445.119999999998
13589.0,379.65000000000003
13590.0,1976.1199999999992
13591.0,1117.1300000000003
13592.0,247.95999999999995
13593.0,1990.2800000000009
13594.0,396.96999999999997
13596.0,697.04
13598.0,167.4200000000001
13599.0,5030.5999999999985
13600.0,219.51999999999998
13601.0,693.3200000000002
13602.0,428.88999999999993
13603.0,164.34
13606.0,280.53999999999996
13607.0,678.0099999999996
13610.0,1115.4300000000005
13611.0,1158.2000000000003
13614.0,1610.460000000001
13615.0,399.9900000000001
13617.0,544.18
13618.0,177.34000000000003
13621.0,213.85
13623.0,672.4400000000002
13626.0,257.22999999999996
13627.0,1624.0200000000002
13629.0,7792.36
13630.0,1995.6799999999998
13631.0,3021.77
13632.0,2117.02
13634.0,1575.1600000000003
13635.0,1071.0300000000002
13636.0,941.6199999999999
13637.0,810.4999999999998
13638.0,122.64000000000001
13639.0,1033.3400000000001
13642.0,354.7999999999999
13643.0,519.44
13644.0,2597.5200000000013
13645.0,252.1
13647.0,1670.22
13649.0,346.6000000000001
13650.0,1809.34
13651.0,94.2
13652.0,1095.08
13654.0,2707.329999999999
13655.0,932.9700000000004
13656.0,379.65000000000003
13657.0,382.13999999999993
13658.0,2421.470000000002
13659.0,1550.8500000000008
13662.0,879.08
13663.0,189.47
13666.0,84.65000000000002
13667.0,305.0199999999998
13668.0,6216.069999999984
13669.0,218.55
13670.0,349.70000000000016
13672.0,-71.45999999999998
13673.0,396.9199999999999
13675.0,486.82000000000005
13678.0,232.60000000000005
13680.0,2202.3099999999995
13681.0,827.83
13682.0,59.5
13684.0,64.23000000000002
13685.0,3119.4400000000014
13686.0,72.0
13689.0,910.0
13690.0,172.25
13692.0,1466.8700000000006
13693.0,-32.0
13694.0,62653.10000000003
13695.0,2504.1299999999987
13697.0,151.3
13699.0,308.58
13700.0,2265.119999999999
13703.0,99.5
13704.0,2295.3099999999986
13705.0,711.8600000000001
13706.0,330.78999999999996
13707.0,806.4100000000004
13708.0,296.87999999999994
13709.0,6249.110000000003
13710.0,180.48000000000002
13711.0,252.06000000000003
13712.0,228.83999999999997
13715.0,1053.9399999999996
13716.0,138.28
13717.0,1432.2600000000002
13718.0,306.55
13719.0,1041.68
13720.0,799.8999999999999
13721.0,524.14
13722.0,2369.1600000000008
13723.0,199.85000000000002
13725.0,1809.8100000000002
13726.0,1079.6600000000003
13727.0,333.4800000000001
13728.0,1016.1399999999999
13730.0,752.5999999999998
13731.0,610.5899999999999
13732.0,491.86
13735.0,2766.179999999997
13736.0,724.0
13737.0,339.59999999999997
13739.0,216.9
13740.0,350.75
13741.0,666.33
13742.0,3102.420000000001
13743.0,1340.1499999999996
13744.0,1156.36
13745.0,291.53999999999996
13747.0,79.6
13748.0,948.2499999999998
13750.0,1647.2599999999998
13751.0,296.24999999999994
13752.0,1186.2800000000002
13753.0,741.26
13754.0,282.6
13755.0,2154.680000000001
13756.0,5145.119999999995
13758.0,3190.550000000001
13759.0,659.41
13760.0,286.78999999999996
13761.0,1070.65
13762.0,4.263256414560601e-14
13763.0,1689.4599999999998
13764.0,1521.7600000000002
13767.0,16945.71000000001
13769.0,2771.869999999999
13771.0,2631.700000000001
13772.0,1132.13
13774.0,344.99999999999994
13777.0,25748.349999999984
13778.0,178.7
13780.0,360.01
13781.0,127.84000000000002
13782.0,911.9999999999992
13784.0,2462.7899999999995
13786.0,230.4
13787.0,309.04
13790.0,348.79999999999995
13791.0,1047.68
13792.0,195.54999999999995
13798.0,36351.41999999996
13799.0,688.8600000000002
13800.0,558.3199999999997
13801.0,324.79999999999995
13802.0,3906.2700000000013
13803.0,277.07000000000005
13804.0,2635.7900000000004
13805.0,924.5999999999999
13806.0,256.38
13807.0,112.6
13808.0,1747.66
13809.0,155.05
13810.0,899.5099999999998
13811.0,591.75
13812.0,538.9999999999999
13813.0,1353.4099999999996
13814.0,1562.1200000000001
13815.0,4014.9099999999985
13816.0,555.04
13817.0,382.9799999999999
13819.0,1140.35
13821.0,385.64
13822.0,632.0000000000001
13823.0,957.6600000000001
13824.0,1698.9399999999998
13826.0,174.65
13827.0,412.0499999999998
13828.0,209.49000000000004
13829.0,-102.0
13831.0,2202.99
13832.0,40.949999999999996
13833.0,384.7999999999999
13835.0,834.57
13837.0,271.24000000000007
13838.0,691.7299999999999
13841.0,85.0
13842.0,3385.619999999999
13844.0,361.62
13845.0,312.98
13846.0,847.6100000000004
13848.0,1255.0
13849.0,1537.95
13850.0,1586.8099999999995
13851.0,2651.46
13853.0,1056.94
13854.0,8025.0199999999995
13856.0,363.4
13858.0,216.16999999999996
13859.0,201.16
13860.0,1240.0000000000005
13862.0,2187.3100000000013
13863.0,299.56
13865.0,501.56
13866.0,145.67
13867.0,1015.2900000000002
13868.0,3192.54
13869.0,3104.9500000000035
13870.0,2751.250000000001
13871.0,6389.800000000004
13873.0,381.70000000000005
13874.0,540.45
13875.0,1786.7900000000004
13876.0,122.69999999999999
13877.0,117.24000000000001
13878.0,1281.53
13880.0,3219.7700000000004
13881.0,16989.519999999993
13882.0,1131.28
13883.0,2538.749999999999
13884.0,781.3000000000002
13885.0,506.8000000000001
13886.0,243.56000000000003
13887.0,349.54999999999995
13888.0,605.63
13889.0,416.9
13890.0,1860.8599999999992
13892.0,632.97
13893.0,821.1
13894.0,535.9699999999999
13895.0,2588.1199999999994
13897.0,311.15999999999997
13898.0,155.93
13899.0,388.52000000000004
13900.0,740.9499999999997
13901.0,2867.2
13904.0,332.63999999999993
13908.0,2347.0499999999984
13911.0,2580.909999999999
13914.0,613.9499999999999
13917.0,272.04
13918.0,1212.8400000000001
13919.0,350.1600000000001
13922.0,172.24999999999997
13923.0,351.13000000000005
13924.0,1682.0800000000004
13925.0,616.6499999999999
13926.0,223.85000000000002
13927.0,348.99
13928.0,464.56999999999994
13929.0,802.8499999999999
13930.0,337.3399999999999
13931.0,1230.9300000000003
13932.0,307.4
13933.0,608.7899999999998
13934.0,922.0999999999997
13936.0,361.28
13937.0,158.85
13938.0,71.66
13939.0,556.7499999999999
13940.0,839.1400000000002
13941.0,4912.41
13946.0,561.57
13947.0,90.6
13948.0,101.99999999999999
13949.0,2427.3199999999974
13950.0,728.5600000000001
13951.0,674.4499999999998
13952.0,3246.091
13953.0,3515.6800000000003
13954.0,378.5899999999999
13955.0,322.96
13956.0,1026.4200000000003
13958.0,-102.45
13959.0,598.1999999999999
13960.0,230.22
13962.0,169.55
13963.0,664.54
13967.0,80.7
13969.0,8986.69
13971.0,2702.2199999999993
13972.0,190.25000000000009
13973.0,264.7
13974.0,413.59
13975.0,2503.2299999999996
13976.0,357.9800000000001
13978.0,196.79
13979.0,869.8700000000001
13980.0,200.14000000000001
13982.0,1861.11
13983.0,2590.46
13984.0,488.03000000000003
13985.0,7024.530000000005
13986.0,320.46000000000004
13988.0,4098.800000000001
13989.0,1266.0799999999997
13990.0,311.3
13991.0,850.6299999999999
13992.0,76.8
13993.0,3409.6600000000003
13994.0,2313.140000000001
13995.0,1383.4899999999998
13999.0,3865.2600000000034
14000.0,633.71
14001.0,2030.33
14002.0,529.73
14004.0,4582.639999999999
14005.0,2874.7200000000007
14006.0,962.1899999999999
14009.0,685.9299999999998
14012.0,328.8
14013.0,473.02
14014.0,505.18000000000006
14015.0,917.34
14016.0,4328.46
14019.0,1398.9600000000005
14020.0,642.8000000000001
14021.0,631.9000000000001
14022.0,440.0
14023.0,584.0699999999998
14024.0,327.7
14027.0,104.82000000000002
14029.0,467.65999999999997
14030.0,2360.0899999999997
14031.0,14634.639999999992
14032.0,2929.840000000001
14034.0,512.02
14035.0,1428.0200000000002
14036.0,626.6499999999999
14037.0,147.20000000000005
14038.0,1554.4799999999989
14039.0,152.2
14040.0,3542.1899999999996
14041.0,141.41
14044.0,652.8199999999993
14045.0,1659.75
14046.0,154.98999999999998
14047.0,1290.0099999999998
14048.0,375.1299999999999
14049.0,5639.149999999996
14050.0,746.3600000000001
14051.0,15477.33999999999
14052.0,225.35999999999993
14053.0,260.25
14054.0,92.46
14055.0,725.6400000000001
14056.0,8124.399999999982
14057.0,6147.4000000000015
14059.0,183.59999999999997
14060.0,6135.379999999998
14062.0,10464.85
14064.0,1188.3199999999997
14066.0,152.55
14067.0,374.69999999999993
14068.0,265.85
14071.0,1307.4100000000026
14073.0,139.54
14075.0,942.2599999999998
14076.0,122.46999999999997
14077.0,499.41999999999996
14078.0,1049.3700000000003
14079.0,375.09999999999997
14080.0,45.599999999999994
14081.0,904.67
14082.0,182.24999999999997
14083.0,1018.4299999999998
14085.0,4435.789999999997
14087.0,181.66999999999996
14088.0,50415.49
14089.0,161.0
14090.0,76.32000000000001
14092.0,4063.100000000003
14093.0,442.8499999999999
14096.0,57120.90999999968
14098.0,147.34999999999997
14099.0,3092.9700000000003
14100.0,194.9
14101.0,5976.79
14102.0,1314.7300000000002
14104.0,216.20999999999998
14105.0,1260.3300000000002
14107.0,2688.48
14108.0,594.1600000000001
14109.0,80.19999999999999
14110.0,5669.65
14111.0,688.6
14112.0,2774.1699999999964
14113.0,1377.92
14114.0,386.53
14116.0,1382.7400000000002
14117.0,90.0
14119.0,-19.9
14121.0,2740.3
14124.0,419.58000000000004
14125.0,2740.4300000000017
14126.0,643.6300000000001
14127.0,709.7099999999996
14128.0,637.5000000000001
14129.0,1123.86
14130.0,483.85999999999996
14132.0,3580.130000000001
14133.0,590.3399999999999
14135.0,4690.31
14138.0,982.3800000000005
14139.0,415.81999999999994
14140.0,920.0499999999996
14141.0,879.0300000000003
14142.0,311.81000000000006
14143.0,115.8
14145.0,3148.2
14146.0,2949.57
14147.0,468.4
14148.0,157.2
14149.0,259.43000000000006
14150.0,658.6400000000001
14152.0,611.0900000000001
14154.0,1345.6200000000003
14155.0,118.75
14156.0,113384.13999999985
14157.0,400.4300000000002
14158.0,507.66000000000014
14159.0,4678.299999999991
14161.0,1110.52
14162.0,289.36000000000007
14163.0,2445.9100000000008
14164.0,1631.7700000000002
14165.0,122.53999999999999
14167.0,574.8399999999999
14171.0,363.78999999999996
14173.0,450.84000000000003
14174.0,134.46
14175.0,3108.0600000000018
14176.0,574.0
14177.0,554.46
14178.0,1620.93
14179.0,719.7799999999997
14180.0,4640.769999999999
14184.0,452.89
14185.0,197.65
14188.0,2018.91
14189.0,4604.3099999999995
14191.0,4660.010000000002
14193.0,853.3900000000001
14194.0,11216.74999999999
14195.0,962.6999999999998
14196.0,335.52
14198.0,663.4999999999999
14199.0,185.39999999999998
14201.0,688.0400000000001
14204.0,161.02999999999997
14205.0,218.78000000000003
14206.0,308.25999999999993
14208.0,151.73999999999998
14209.0,2067.1300000000006
14210.0,1900.89
14211.0,2208.2999999999997
14212.0,1070.48
14213.0,-1192.2000000000003
14214.0,1000.2299999999997
14215.0,1777.9200000000008
14216.0,1839.3
14217.0,1925.36
14218.0,169.48000000000002
14219.0,89.94
14220.0,632.4
14221.0,3427.849999999999
14222.0,683.17
14223.0,975.23
14224.0,1050.1200000000001
14226.0,2201.64
14227.0,3315.710000000002
14229.0,1450.6
14231.0,822.0600000000001
14232.0,2043.9300000000003
14233.0,1447.5100000000007
14234.0,775.4600000000004
14235.0,3093.8599999999997
14236.0,490.86
14237.0,161.00000000000003
14238.0,146.85
14239.0,2323.5000000000014
14240.0,890.3400000000005
14241.0,213.70000000000002
14242.0,280.55
14243.0,2535.8799999999987
14245.0,1677.4799999999998
14246.0,1474.0600000000006
14247.0,136.77
14248.0,302.58
14250.0,1904.0500000000002
14251.0,2879.7000000000003
14256.0,935.06
14257.0,3087.27
14258.0,12650.079999999996
14259.0,120.0
14261.0,1163.4499999999998
14262.0,2618.230000000001
14264.0,319.4700000000001
14265.0,530.18
14267.0,1279.0899999999997
14270.0,492.6499999999999
14271.0,112.32000000000002
14272.0,437.96000000000004
14273.0,559.9700000000001
14276.0,1019.3899999999996
14277.0,3957.000000000001
14280.0,134.04
14282.0,3729.3400000000042
14284.0,578.4500000000002
14285.0,1910.0100000000004
14286.0,4595.809999999998
14287.0,151.23
14288.0,413.85
14289.0,911.2599999999999
14290.0,2307.4499999999994
14291.0,3873.2999999999984
14292.0,4819.329999999998
14293.0,1046.5599999999993
14295.0,154.7
14297.0,1284.0599999999997
14298.0,50862.43999999997
14299.0,2855.3499999999995
14300.0,43.2
14301.0,632.04
14304.0,197.1
14305.0,1803.76
14306.0,2083.4199999999996
14307.0,2995.7200000000007
14309.0,2319.6800000000007
14311.0,229.71000000000004
14312.0,1611.5899999999995
14314.0,120.0
14315.0,2456.979999999999
14317.0,508.58
14320.0,343.11
14321.0,1530.749999999999
14323.0,574.2600000000001
14326.0,166.85
14327.0,311.65000000000003
14329.0,4928.740000000004
14331.0,462.65999999999997
14332.0,866.3099999999998
14333.0,351.45
14334.0,2539.4600000000005
14335.0,468.26
14336.0,1614.9100000000008
14338.0,554.2199999999999
14339.0,289.91
14340.0,134.7
14341.0,2166.3799999999983
14342.0,607.7100000000002
14344.0,889.9300000000002
14345.0,108.97999999999999
14346.0,1021.5800000000002
14348.0,409.57
14349.0,133.50000000000006
14350.0,258.7
14351.0,51.0
14352.0,1078.96
14353.0,90.6
14354.0,163.62
14355.0,174.4
14356.0,666.9399999999999
14357.0,225.77000000000012
14359.0,882.5800000000002
14360.0,2128.23
14362.0,161.20000000000002
14364.0,3717.349999999999
14367.0,9167.820000000007
14368.0,155.00000000000003
14371.0,100.5
14373.0,76.55
14375.0,257.67999999999995
14377.0,617.05
14379.0,348.1
14381.0,202.6800000000001
14382.0,626.07
14383.0,1247.6899999999998
14385.0,202.11
14386.0,142.4
14387.0,1770.5600000000013
14388.0,3172.040000000002
14389.0,999.7199999999998
14390.0,4592.470000000003
14393.0,67.94999999999999
14395.0,3471.9100000000008
14396.0,487.99
14397.0,2556.6800000000007
14400.0,559.7
14401.0,4039.9799999999987
14403.0,1426.3100000000002
14404.0,1434.7200000000003
14406.0,156.75
14407.0,2111.0799999999995
14408.0,2606.53
14409.0,1908.2499999999998
14410.0,576.2999999999998
14411.0,1063.0
14412.0,761.3300000000002
14413.0,122.7
14414.0,1485.1300000000003
14415.0,5811.559999999999
14416.0,490.22
14418.0,1937.2500000000002
14419.0,1058.0600000000002
14420.0,385.87
14421.0,813.11
14422.0,4263.64
14423.0,265.2
14424.0,322.08
14426.0,3918.9000000000005
14427.0,363.34000000000003
14428.0,1230.1400000000003
14431.0,397.76
14432.0,2255.5099999999984
14434.0,1372.8
14436.0,89.06
14437.0,-43.400000000000006
14438.0,131.9
14439.0,2661.24
14440.0,2357.6800000000003
14441.0,1545.1400000000006
14442.0,1544.6200000000001
14443.0,1400.8800000000003
14446.0,1039.5800000000008
14447.0,1163.2300000000005
14448.0,375.35
14449.0,907.0999999999999
14450.0,483.25
14451.0,662.5900000000001
14452.0,264.44000000000005
14453.0,119.93000000000002
14456.0,3047.6299999999987
14457.0,113.64
14459.0,1837.9199999999996
14460.0,383.34
14461.0,2103.059999999999
14462.0,1965.9000000000003
14463.0,529.62
14465.0,1058.6200000000008
14466.0,2272.4000000000015
14467.0,598.7599999999999
14470.0,461.19000000000005
14472.0,1936.8400000000013
14473.0,234.34
14474.0,537.71
14475.0,799.8199999999997
14476.0,215.7
14477.0,1307.8100000000002
14479.0,316.24999999999994
14480.0,279.05
14481.0,636.5100000000001
14482.0,2068.150000000001
14483.0,129.20000000000002
14484.0,321.91999999999996
14485.0,165.75000000000003
14487.0,1183.5800000000002
14488.0,1047.4300000000003
14489.0,463.38000000000005
14491.0,340.93
14493.0,2362.8400000000006
14494.0,139.56
14495.0,123.79999999999998
14496.0,538.8100000000001
14497.0,457.4699999999999
14498.0,1957.3200000000004
14499.0,815.32
14500.0,356.85
14501.0,190.30999999999997
14502.0,2351.02
14503.0,3543.2600000000016
14504.0,673.2599999999995
14505.0,5818.699999999986
14506.0,2012.1700000000012
14507.0,1368.1799999999994
14508.0,276.41999999999996
14511.0,1267.41
14512.0,275.28
14513.0,438.49
14514.0,1055.35
14515.0,2102.0899999999997
14517.0,330.45
14518.0,174.37
14520.0,270.6
14522.0,974.54
14523.0,241.09000000000003
14524.0,1867.6800000000007
14525.0,4221.369999999997
14527.0,7711.379999999953
14528.0,364.22
14529.0,620.0399999999998
14530.0,2925.910000000001
14532.0,932.8499999999997
14533.0,1812.6200000000006
14534.0,4075.349999999999
14535.0,2841.0900000000047
14536.0,171.8
14537.0,355.5600000000001
14538.0,388.2499999999999
14539.0,537.48
14540.0,996.26
14541.0,1461.6499999999999
14542.0,103.25000000000001
14543.0,2916.1700000000005
14544.0,2024.4500000000005
14546.0,2487.0200000000023
14547.0,3986.739999999999
14548.0,652.8
14549.0,289.2399999999999
14550.0,765.6200000000001
14551.0,186.23000000000002
14552.0,165.07000000000005
14553.0,859.27
14554.0,2381.040000000002
14555.0,324.14000000000004
14557.0,0.0
14560.0,2174.1800000000007
14561.0,1080.7600000000004
14562.0,4709.22
14565.0,3073.7700000000023
14566.0,1432.0
14567.0,1524.4600000000005
14569.0,227.39
14570.0,218.05999999999992
14572.0,2803.690000000001
14573.0,1603.7200000000014
14576.0,35.400000000000006
14577.0,859.7100000000011
14578.0,168.63
14581.0,138.6
14582.0,114.11
14583.0,1052.5500000000004
14584.0,1029.2599999999995
14585.0,157.05
14586.0,134.15999999999997
14587.0,1598.2400000000007
14589.0,39.75
14591.0,1447.140000000001
14592.0,570.4599999999998
14593.0,617.9900000000001
14594.0,379.82999999999987
14595.0,1740.6000000000001
14597.0,883.1500000000002
14598.0,221.97000000000003
14600.0,393.3299999999999
14601.0,213.96000000000004
14603.0,660.0
14606.0,11713.850000000064
14607.0,11341.100000000002
14608.0,1785.1499999999999
14609.0,601.5600000000001
14616.0,406.08000000000004
14618.0,538.59
14619.0,379.50999999999993
14620.0,393.28000000000003
14621.0,1765.76
14622.0,320.58
14623.0,869.3499999999999
14624.0,225.84999999999997
14625.0,848.48
14626.0,2757.0699999999997
14627.0,-21.849999999999998
14628.0,671.96
14629.0,939.2100000000002
14631.0,1006.9799999999998
14632.0,114.55999999999999
14633.0,344.9000000000001
14636.0,609.8500000000001
14638.0,443.6
14639.0,2952.3400000000024
14640.0,2042.149999999999
14641.0,110.46
14642.0,96.12
14643.0,668.6100000000001
14644.0,780.4599999999999
14645.0,597.09
14646.0,279489.0199999999
14647.0,243.21999999999994
14649.0,1417.2899999999997
14651.0,654.5999999999998
14652.0,114.18000000000002
14653.0,1947.5499999999997
14655.0,1930.15
14656.0,291.04999999999984
14657.0,838.2700000000001
14658.0,247.14999999999998
14659.0,2456.5300000000007
14660.0,285.73999999999995
14661.0,107.95
14662.0,771.1700000000003
14664.0,637.89
14665.0,1258.3800000000003
14666.0,195.24999999999997
14667.0,9231.200000000004
14669.0,1269.9900000000002
14670.0,411.5300000000001
14672.0,765.55
14673.0,1736.3999999999994
14675.0,604.7499999999999
14676.0,2543.24
14679.0,-2.55
14680.0,26932.339999999997
14681.0,498.95
14682.0,52.0
14684.0,1236.2800000000013
14687.0,628.3799999999999
14688.0,5107.379999999999
14689.0,112.80000000000001
14690.0,358.61
14691.0,2114.3299999999995
14692.0,582.0500000000001
14693.0,172.9
14696.0,2070.97
14697.0,188.60999999999996
14698.0,1250.7600000000014
14699.0,109.12999999999998
14700.0,2235.2999999999997
14701.0,2486.219999999999
14702.0,3250.639999999998
14703.0,318.1699999999999
14704.0,1546.9099999999999
14705.0,179.0
14708.0,1096.6699999999998
14709.0,4911.140000000007
14710.0,606.1300000000002
14711.0,2838.199999999997
14712.0,917.07
14713.0,2664.2599999999998
14714.0,160.19
14715.0,867.3800000000001
14716.0,329.6799999999999
14719.0,1592.1800000000007
14720.0,663.8100000000003
14722.0,187.91999999999996
14723.0,1158.3
14725.0,718.08
14727.0,268.58
14729.0,313.48999999999995
14730.0,2005.0600000000063
14731.0,380.0199999999999
14732.0,2686.3399999999997
14733.0,9451.539999999997
14735.0,5807.69
14737.0,1164.55
14738.0,1289.9399999999998
14739.0,3899.1000000000004
14740.0,1423.2099999999991
14741.0,1400.3400000000004
14744.0,1088.53
14745.0,1167.16
14747.0,294.3
14748.0,1311.7899999999997
14752.0,389.63999999999993
14753.0,563.15
14754.0,638.0500000000001
14755.0,4965.379999999999
14756.0,738.9599999999998
14757.0,420.5
14758.0,1484.0599999999995
14759.0,1625.9699999999993
14760.0,53.8
14761.0,255.90000000000003
14762.0,300.52
14764.0,250.55
14765.0,254.10999999999996
14766.0,2423.07
14768.0,139.50000000000003
14769.0,10641.600000000006
14770.0,876.4199999999997
14772.0,139.26
14775.0,1011.9
14776.0,2195.5799999999995
14777.0,-17.45
14778.0,730.8599999999999
14779.0,386.1499999999999
14780.0,447.67999999999995
14782.0,200.10000000000002
14784.0,289.99
14785.0,77.4
14788.0,679.4399999999998
14789.0,197.64000000000001
14790.0,745.0600000000001
14792.0,0.0
14793.0,214.14000000000001
14794.0,1272.11
14795.0,131.45
14796.0,7839.5099999999775
14798.0,173.74
14799.0,157.7
14800.0,4236.339999999998
14801.0,193.1399999999999
14803.0,845.5500000000002
14804.0,353.2699999999999
14805.0,554.65
14806.0,193.39000000000004
14808.0,2175.369999999998
14810.0,2087.879999999999
14813.0,155.42999999999998
14815.0,778.5
14816.0,271.85
14817.0,1110.3399999999997
14818.0,657.8
14819.0,272.06999999999994
14820.0,507.2900000000001
14821.0,48.800000000000004
14823.0,321.4299999999999
14824.0,1127.7100000000003
14825.0,2226.9099999999985
14828.0,2139.76
14829.0,644.65
14830.0,197.13
14834.0,1698.3500000000001
14836.0,102.44999999999999
14837.0,1641.2000000000012
14840.0,62.85
14841.0,3295.7599999999993
14842.0,2456.7999999999997
14844.0,3189.8099999999995
14847.0,309.4
14849.0,7904.279999999997
14850.0,278.15000000000003
14851.0,511.34999999999985
14852.0,2836.6899999999982
14853.0,463.04999999999995
14854.0,2749.8900000000003
14855.0,645.6500000000001
14856.0,1311.3800000000006
14857.0,1165.6499999999996
14859.0,1352.0399999999993
14860.0,168.62000000000003
14861.0,125.79000000000002
14862.0,841.2000000000002
14863.0,266.76
14865.0,52.2
14866.0,14197.450000000008
14867.0,701.3300000000002
14868.0,2939.640000000002
14869.0,721.95
14870.0,327.24999999999994
14871.0,522.3799999999997
14873.0,519.68
14875.0,1448.7200000000003
14878.0,1485.5400000000006
14880.0,706.1900000000002
14881.0,255.4
14882.0,589.7
14883.0,756.6400000000001
14885.0,765.3199999999999
14886.0,364.80000000000007
14887.0,1862.0
14888.0,369.2
14889.0,135.9
14890.0,125.65
14891.0,554.38
14893.0,1237.8500000000004
14894.0,655.7499999999999
14895.0,11020.260000000007
14896.0,468.77
14897.0,1366.38
14898.0,1228.3199999999995
14901.0,1414.9900000000005
14902.0,314.11000000000007
14903.0,2744.4800000000005
14904.0,1025.4399999999998
14905.0,599.9000000000001
14907.0,3478.8499999999976
14908.0,277.79999999999995
14910.0,389.86000000000007
14911.0,132572.6199999998
14912.0,841.5199999999998
14913.0,1227.4300000000005
14915.0,258.83000000000004
14916.0,1264.8399999999997
14918.0,1610.1499999999996
14920.0,977.77
14921.0,1316.0700000000004
14923.0,749.0999999999998
14924.0,310.05
14929.0,223.88
14930.0,2372.860000000001
14931.0,964.6800000000002
14932.0,363.53
14934.0,1888.8400000000006
14935.0,1784.7099999999998
14936.0,8117.42
14937.0,1617.63
14944.0,5842.950000000003
14946.0,100.9
14947.0,290.82000000000005
14948.0,1066.5699999999995
14950.0,361.25
14951.0,311.69000000000005
14952.0,7912.79
14953.0,289.82
14954.0,336.16999999999985
14957.0,58.49000000000001
14958.0,499.6799999999999
14959.0,684.9699999999999
14960.0,221.26999999999992
14961.0,7006.580000000002
14962.0,126.70000000000002
14963.0,1487.8000000000013
14964.0,206.21
14965.0,598.9999999999999
14966.0,191.3199999999999
14967.0,463.8
14968.0,147.59
14970.0,1592.06
14971.0,1116.5699999999993
14972.0,114.77000000000002
14973.0,1314.45
14974.0,114.39
14975.0,279.94
14976.0,765.8599999999997
14978.0,1931.4200000000028
14981.0,102.11999999999998
14984.0,213.26999999999998
14985.0,296.7499999999999
14987.0,326.4
14988.0,334.54
14995.0,233.23000000000005
14997.0,540.98
14998.0,429.8699999999999
15000.0,490.52
15002.0,1641.7599999999998
15004.0,1246.3199999999995
15005.0,6180.489999999992
15006.0,502.08999999999975
15007.0,156.91000000000003
15009.0,1261.7799999999997
15010.0,308.94000000000005
15012.0,423.0399999999996
15014.0,260.16999999999996
15016.0,170.04
15017.0,125.58000000000003
15018.0,456.26
15019.0,265.9999999999999
15021.0,1872.2800000000025
15022.0,905.0399999999995
15023.0,6763.15999999999
15024.0,1661.3300000000006
15025.0,377.01
15026.0,469.0
15027.0,1051.9499999999996
15028.0,627.13
15030.0,518.28
15031.0,668.14
15032.0,4464.0999999999985
15033.0,2571.020000000001
15034.0,4277.659999999998
15035.0,252.72999999999996
15036.0,465.55
15038.0,665.5899999999997
15039.0,19786.43999999997
15041.0,180.35000000000002
15042.0,135.93
15043.0,537.0
15044.0,7629.3799999999965
15045.0,633.66
15046.0,5064.01
15047.0,343.62
15048.0,380.5699999999998
15049.0,121.17000000000002
15050.0,1727.1700000000005
15051.0,1391.6100000000001
15052.0,215.78
15053.0,697.79
15054.0,302.09999999999997
15057.0,1489.5
15058.0,2124.9900000000025
15059.0,1325.8200000000006
15060.0,303.0899999999999
15061.0,54228.74000000002
15062.0,987.8599999999999
15063.0,370.79999999999995
15065.0,3135.9800000000005
15066.0,760.5899999999999
15067.0,1744.7600000000004
15068.0,553.3599999999998
15069.0,1109.5300000000007
15070.0,106.2
15071.0,982.0699999999997
15073.0,612.4300000000001
15074.0,748.8700000000002
15075.0,773.0300000000002
15076.0,880.8500000000004
15078.0,9623.350000000022
15079.0,893.66
15081.0,487.34999999999985
15083.0,88.19999999999999
15087.0,306.94
15088.0,1140.27
15089.0,2420.8400000000024
15090.0,381.32000000000005
15091.0,476.96
15092.0,457.80999999999995
15093.0,4410.139999999998
15095.0,1364.6999999999996
15096.0,219.39
15097.0,248.07999999999996
15098.0,649.5
15099.0,410.48
15100.0,635.1
15101.0,310.03
15103.0,703.3599999999998
15104.0,1002.54
15105.0,2298.930000000001
15106.0,1407.7300000000002
15107.0,247.65999999999997
15108.0,1291.75
15109.0,463.75
15110.0,970.2499999999999
15111.0,1567.4799999999998
15113.0,3439.4100000000008
15114.0,2760.5599999999977
15115.0,340.11000000000007
15116.0,1352.7500000000002
15117.0,1550.13
15118.0,244.8
15119.0,266.4
15120.0,343.8199999999999
15121.0,457.71999999999997
15122.0,1612.1299999999994
15123.0,2199.309999999999
15124.0,184.19
15125.0,11117.050000000001
15127.0,406.53000000000003
15128.0,1419.5400000000009
15129.0,3447.4
15130.0,330.11
15132.0,977.9300000000002
15133.0,982.4199999999998
15134.0,1387.99
15135.0,127.14999999999998
15136.0,1282.4500000000005
15139.0,178.96000000000006
15140.0,2350.0000000000005
15142.0,498.74
15143.0,259.45
15144.0,6530.040000000007
15145.0,1194.7300000000005
15146.0,1313.6600000000008
15147.0,608.65
15148.0,301.28999999999996
15149.0,520.8
15150.0,5303.969999999995
15152.0,4684.240000000001
15153.0,329.25
15154.0,240.26999999999992
15156.0,961.4899999999999
15157.0,1869.500000000001
15158.0,401.4000000000001
15159.0,18573.68000000001
15160.0,158.16000000000003
15163.0,304.4699999999999
15164.0,843.0499999999997
15165.0,487.75
15167.0,162.99999999999997
15168.0,106.56
15171.0,1034.5
15172.0,1624.0499999999997
15174.0,135.75
15175.0,224.14000000000007
15178.0,40.5
15179.0,2186.2000000000003
15180.0,87.5
15181.0,680.2799999999999
15182.0,622.8499999999999
15184.0,406.76
15185.0,310.62000000000006
15186.0,411.40999999999997
15187.0,4670.080000000001
15189.0,15802.140000000009
15192.0,1044.3200000000004
15193.0,499.32
15194.0,7521.169999999997
15195.0,3861.0
15197.0,656.4399999999998
15198.0,193.64
15199.0,1268.6999999999998
15201.0,927.8400000000003
15203.0,1827.7999999999984
15204.0,316.58000000000004
15205.0,648.8299999999998
15206.0,420.29999999999995
15208.0,867.62
15210.0,331.18
15211.0,894.41
15212.0,88.94999999999997
15213.0,325.04999999999995
15214.0,1661.44
15215.0,615.99
15216.0,96.6
15218.0,5756.890000000001
15219.0,305.75
15220.0,1758.9199999999994
15221.0,114.10000000000001
15222.0,585.0
15223.0,454.9000000000001
15224.0,310.47999999999996
15225.0,409.4000000000001
15226.0,154.41
15227.0,1219.4
15228.0,3376.9600000000005
15230.0,429.6
15232.0,612.0600000000001
15234.0,197.0
15235.0,2247.5099999999998
15236.0,321.05
15237.0,1412.320000000001
15238.0,1056.5399999999997
15239.0,764.3399999999999
15240.0,1685.57
15241.0,1738.5900000000006
15243.0,316.68
15244.0,631.57
15245.0,2515.8400000000006
15246.0,514.1500000000001
15247.0,356.0
15249.0,6657.360000000006
15251.0,10327.109999999999
15252.0,740.7800000000001
15253.0,915.2999999999996
15254.0,300.36000000000007
15255.0,890.8499999999999
15256.0,98.45
15257.0,232.14999999999998
15258.0,623.1600000000001
15260.0,1780.77
15261.0,254.82000000000002
15262.0,178.95000000000002
15263.0,156.50999999999996
15264.0,393.74000000000007
15265.0,1506.1200000000001
15266.0,119.30000000000001
15267.0,1717.36
15269.0,408.8
15270.0,2298.2000000000003
15271.0,2485.820000000002
15272.0,721.9399999999998
15274.0,716.5700000000003
15275.0,609.1899999999998
15276.0,135.31000000000003
15277.0,255.89999999999998
15279.0,277.40999999999997
15280.0,113.12
15281.0,2239.9499999999994
15286.0,240.55
15287.0,485.24
15288.0,2306.519999999999
15289.0,935.1000000000004
15290.0,7803.77
15291.0,4596.510000000002
15292.0,180.93999999999997
15296.0,3610.3100000000004
15297.0,635.04
15298.0,3774.1000000000013
15299.0,3787.0900000000006
15300.0,496.4399999999999
15301.0,5028.119999999999
15303.0,574.02
15304.0,680.3000000000001
15306.0,1174.3499999999997
15307.0,205.3
15308.0,302.27000000000004
15311.0,59419.34000000011
15312.0,921.1000000000001
15313.0,52.0
15314.0,327.97
15315.0,551.54
15316.0,165.0
15318.0,312.62
15319.0,204.5
15320.0,267.13
15321.0,2650.7299999999996
15322.0,602.9699999999998
15325.0,162.2899999999999
15326.0,311.71
15327.0,208.75000000000003
15329.0,1005.5
15330.0,714.96
15332.0,1661.06
15333.0,1028.56
15334.0,351.6699999999999
15335.0,173.97000000000003
15339.0,557.5699999999998
15341.0,2020.52
15342.0,391.75999999999993
15343.0,364.5
15344.0,476.58000000000004
15345.0,367.69000000000005
15346.0,252.42000000000004
15347.0,201.59999999999997
15348.0,158.03999999999996
15349.0,473.80999999999983
15350.0,115.65
15351.0,1862.140000000001
15353.0,777.02
15355.0,277.05000000000007
15356.0,2766.499999999999
15358.0,8234.799999999992
15360.0,427.92999999999995
15361.0,418.9200000000001
15363.0,318.05
15364.0,913.1900000000004
15365.0,1330.4500000000005
15366.0,602.5100000000001
15367.0,1867.6899999999991
15368.0,446.94000000000005
15369.0,-1592.49
15370.0,2360.55
15372.0,2007.4
15373.0,2213.1100000000006
15374.0,168.0
15376.0,1233.3599999999997
15379.0,3631.89
15380.0,1682.36
15381.0,596.85
15382.0,5927.859999999999
15384.0,635.76
15385.0,316.88
15386.0,394.14000000000004
15388.0,140.54
15389.0,500.0
15392.0,1515.7299999999996
15393.0,231.86
15394.0,2183.54
15395.0,107.45000000000002
15396.0,288.17999999999995
15397.0,94.0
15398.0,1339.6299999999999
15399.0,815.7699999999999
15400.0,666.7
15402.0,626.7699999999999
15405.0,349.1
15406.0,426.60999999999996
15407.0,1056.44
15408.0,267.17999999999995
15410.0,3450.8400000000015
15411.0,1346.3800000000003
15412.0,190.53000000000003
15414.0,774.8999999999999
15415.0,572.8099999999998
15416.0,3974.3699999999994
15417.0,508.8000000000001
15419.0,135.86
15421.0,950.3599999999996
15422.0,97.7
15423.0,43.5
15424.0,383.34
15426.0,1429.9
15427.0,1483.1399999999999
15428.0,93.78
15429.0,364.89999999999975
15432.0,171.19
15433.0,417.86999999999983
15434.0,997.4800000000004
15435.0,149.29000000000005
15436.0,1122.5300000000007
15437.0,200.16000000000003
15438.0,156.57999999999998
15440.0,383.67999999999995
15442.0,594.0
15443.0,3212.159999999999
15444.0,1418.2600000000016
15445.0,113.5
15447.0,155.17
15448.0,494.64000000000004
15449.0,971.2200000000001
15450.0,429.84
15452.0,538.73
15453.0,1388.370000000001
15454.0,179.10000000000002
15456.0,447.2200000000001
15457.0,237.07000000000002
15458.0,161.64
15460.0,216.76
15462.0,234.60000000000002
15463.0,126.14
15464.0,1048.8500000000006
15465.0,6945.02
15466.0,334.53000000000014
15467.0,511.88000000000005
15468.0,438.46
15469.0,504.50000000000006
15471.0,469.47999999999985
15472.0,371.56
15473.0,1465.2
15475.0,454.10999999999984
15478.0,1441.4199999999996
15480.0,905.5
15482.0,6568.719999999998
15483.0,233.81000000000006
15484.0,3563.1099999999997
15485.0,2575.0
15488.0,91.32000000000001
15489.0,1090.03
15491.0,3090.8500000000017
15492.0,659.4599999999999
15493.0,1967.250000000005
15494.0,1299.230000000001
15497.0,1259.7
15498.0,12396.459999999994
15500.0,1131.5600000000004
15502.0,5541.459999999999
15503.0,147.09000000000003
15504.0,52.83000000000001
15505.0,3497.140000000001
15506.0,979.2600000000004
15507.0,492.35999999999996
15508.0,1000.2700000000002
15510.0,250.0
15511.0,909.2300000000001
15512.0,121.0
15513.0,14520.079999999996
15514.0,2963.1900000000014
15516.0,62.43
15517.0,267.03000000000003
15518.0,1911.890000000001
15520.0,343.49999999999994
15521.0,2574.650000000001
15522.0,398.84
15523.0,412.00999999999993
15524.0,440.0
15525.0,811.0200000000001
15526.0,148.44
15527.0,2348.819999999999
15528.0,229.32999999999993
15529.0,3967.779999999997
15530.0,1502.3500000000001
15531.0,2007.4399999999994
15532.0,1517.0800000000029
15533.0,746.9199999999996
15535.0,459.8999999999997
15537.0,110.92000000000003
15539.0,538.46
15540.0,213.30000000000004
15541.0,85.13000000000002
15543.0,127.85999999999999
15544.0,3542.5099999999948
15545.0,292.7199999999999
15547.0,4954.839999999991
15549.0,1655.76
15550.0,575.63
15551.0,436.05999999999995
15552.0,90.12
15553.0,437.22999999999985
15554.0,217.2
15555.0,4758.199999999989
15556.0,279.77
15557.0,473.65
15561.0,722.7400000000001
15562.0,134.55
15563.0,1319.6899999999998
15565.0,173.15999999999997
15567.0,186.01000000000002
15568.0,758.2899999999998
15569.0,1375.7100000000003
15570.0,4109.97
15571.0,650.43
15572.0,2552.86
15573.0,607.45
15574.0,702.2500000000001
15576.0,940.6700000000002
15577.0,258.8799999999998
15578.0,127.1
15579.0,348.5999999999999
15581.0,3429.9700000000003
15582.0,682.9100000000001
15584.0,722.6099999999999
15585.0,455.30000000000007
15587.0,913.6800000000002
15589.0,456.58
15590.0,-30.19
15592.0,388.58
15593.0,199.8
15594.0,1767.53
15596.0,1343.3400000000001
15597.0,315.71999999999997
15598.0,235.68
15599.0,761.74
15601.0,6745.359999999997
15602.0,1083.6300000000003
15603.0,48.480000000000004
15604.0,216.39000000000001
15605.0,1198.23
15606.0,2422.64
15607.0,104.76
15608.0,1093.68
15609.0,270.03000000000003
15610.0,112.46
15611.0,1568.3900000000003
15612.0,195.15
15615.0,10360.03999999999
15618.0,747.0310000000003
15619.0,336.40000000000003
15620.0,1524.4
15621.0,1158.7700000000002
15622.0,3224.5300000000016
15623.0,301.03
15624.0,588.1300000000001
15625.0,1504.56
15626.0,675.8000000000001
15628.0,2865.6400000000003
15630.0,1180.3999999999999
15632.0,3147.3100000000013
15634.0,243.55
15636.0,724.76
15637.0,223.36
15638.0,-94.0
15639.0,425.31999999999994
15640.0,12433.339999999982
15641.0,1887.2000000000005
15643.0,647.4000000000003
15644.0,812.9999999999998
15645.0,612.0099999999998
15646.0,425.13999999999993
15648.0,599.9
15649.0,816.0
15651.0,646.3000000000001
15652.0,337.74
15653.0,877.4399999999999
15654.0,922.5300000000002
15655.0,511.31999999999994
15656.0,748.5000000000001
15657.0,30.0
15658.0,958.8999999999997
15659.0,306.45000000000005
15660.0,1552.0099999999998
15661.0,309.8
15663.0,138.14000000000001
15664.0,358.63000000000005
15665.0,2242.0100000000007
15667.0,301.32000000000005
15668.0,76.32000000000001
15669.0,677.69
15670.0,173.05
15671.0,2635.4900000000007
15673.0,2881.0200000000013
15674.0,1744.02
15675.0,323.69
15676.0,3324.09
15677.0,657.23
15678.0,352.70000000000005
15679.0,781.2799999999999
15680.0,1333.6800000000003
15681.0,946.3599999999998
15683.0,193.75
15687.0,2981.499999999999
15689.0,254.1
15690.0,239.76000000000002
15691.0,136.8
15692.0,191.04000000000002
15694.0,6423.5999999999985
15695.0,409.9800000000001
15696.0,2644.46
15699.0,309.6499999999999
15700.0,664.0299999999996
15701.0,1542.14
15703.0,211.5
15704.0,2293.6199999999994
15705.0,143.10000000000002
15706.0,1001.8100000000001
15707.0,945.5799999999999
15708.0,3329.719999999999
15709.0,133.25
15712.0,1072.3600000000001
15713.0,346.75
15714.0,330.8799999999998
15716.0,1118.8100000000004
15717.0,150.3
15719.0,5043.959999999997
15720.0,598.7300000000001
15721.0,507.0799999999998
15722.0,2181.21
15723.0,203.1
15724.0,212.3
15725.0,415.2500000000001
15727.0,5178.960000000001
15728.0,-134.8
15729.0,62.0
15730.0,1108.3800000000003
15732.0,294.11999999999995
15733.0,162.3
15734.0,1339.45
15737.0,1121.2099999999998
15738.0,4788.769999999996
15739.0,449.12000000000006
15740.0,154.88000000000002
15743.0,784.4600000000004
15744.0,34.8
15745.0,1071.24
15746.0,182.95999999999998
15747.0,974.0399999999995
15748.0,149.30999999999995
15749.0,21535.9
15750.0,2451.229999999999
15752.0,2628.9300000000026
15753.0,79.2
15754.0,455.67
15755.0,2318.880000000002
15756.0,532.9599999999995
15757.0,714.4200000000001
15758.0,205.25
15759.0,253.04000000000002
15762.0,583.75
15763.0,1048.67
15764.0,3245.4700000000007
15766.0,315.05999999999995
15768.0,581.83
15769.0,51823.72
15773.0,635.6800000000001
15774.0,270.8
15775.0,104.9
15776.0,241.62000000000003
15777.0,1021.6100000000001
15780.0,475.28000000000003
15781.0,333.56
15782.0,2593.9400000000005
15783.0,246.3
15785.0,2303.750000000001
15786.0,4834.200000000004
15787.0,948.0500000000001
15789.0,351.3
15790.0,220.84999999999997
15791.0,1604.4400000000003
15793.0,948.9599999999999
15795.0,610.0100000000001
15796.0,2666.61
15797.0,2207.4
15799.0,884.1400000000002
15800.0,699.0800000000002
15801.0,1042.1899999999998
15802.0,-451.42
15803.0,415.82
15804.0,3848.5499999999984
15805.0,5452.169999999996
15806.0,784.5799999999999
15807.0,903.9000000000001
15808.0,3724.7700000000013
15809.0,399.2099999999999
15810.0,1145.4299999999992
15811.0,2171.3199999999997
15812.0,1801.14
15813.0,1303.9099999999999
15814.0,1842.7300000000005
15815.0,2100.6000000000004
15819.0,1905.45
15820.0,206.98000000000002
15821.0,570.96
15822.0,885.4699999999999
15823.0,-840.7600000000001
15825.0,532.94
15826.0,1649.36
15827.0,1641.4800000000005
15829.0,636.14
15830.0,547.7
15831.0,747.7599999999999
15832.0,836.7899999999998
15834.0,2084.900000000002
15835.0,954.0899999999996
15836.0,117.47
15837.0,391.97999999999996
15838.0,33350.76
15839.0,1020.7400000000001
15840.0,345.65999999999997
15841.0,1209.1000000000004
15843.0,118.95
15844.0,130.74
15845.0,3650.8699999999994
15847.0,389.27
15850.0,238.85000000000002
15852.0,160.71
15853.0,110.80000000000001
15854.0,2974.6499999999974
15855.0,712.2399999999997
15856.0,16173.670000000002
15857.0,297.0
15858.0,1438.8500000000008
15860.0,977.2099999999992
15861.0,3000.360000000001
15862.0,832.88
15863.0,68.84
15864.0,1769.7800000000002
15865.0,895.1300000000002
15866.0,230.52999999999994
15867.0,3797.7899999999986
15869.0,149.64
15870.0,354.0899999999999
15872.0,360.9299999999999
15874.0,4330.670000000001
15877.0,440.78
15880.0,313.28
15881.0,438.24
15882.0,495.3599999999999
15883.0,396.47999999999996
15885.0,379.34999999999997
15886.0,181.09
15888.0,141.26999999999998
15889.0,446.8699999999998
15891.0,524.52
15894.0,263.54999999999995
15895.0,179.17
15897.0,222.05
15898.0,1384.6799999999998
15899.0,56.25
15900.0,351.1099999999999
15901.0,363.8799999999999
15903.0,5126.34
15904.0,164.67999999999998
15906.0,1521.790000000001
15907.0,967.4499999999998
15909.0,191.93999999999997
15910.0,1232.1799999999996
15912.0,264.62
15916.0,1491.2400000000007
15917.0,123.10000000000001
15918.0,334.23
15919.0,639.89
15920.0,167.49999999999997
15921.0,336.03000000000003
15922.0,363.6000000000001
15923.0,127.08000000000003
15925.0,207.15
15930.0,426.63000000000017
15932.0,2461.850000000001
15933.0,1107.4600000000003
15935.0,416.8600000000001
15937.0,145.35
15938.0,404.58
15939.0,6102.259999999999
15940.0,31.799999999999997
15942.0,337.43999999999994
15944.0,325.1
15945.0,181.0
15947.0,1708.2400000000002
15948.0,955.2400000000001
15949.0,364.7199999999999
15950.0,1705.2599999999989
15951.0,669.57
15952.0,806.5699999999998
15953.0,1634.53
15955.0,4389.810000000001
15957.0,428.88999999999993
15958.0,104.35
15963.0,470.7600000000001
15965.0,845.6399999999999
15967.0,418.8299999999999
15969.0,582.8999999999999
15970.0,314.1
15971.0,4199.85
15973.0,99.77
15974.0,3429.55
15975.0,371.01
15976.0,430.93999999999977
15977.0,1054.7299999999996
15978.0,1098.7800000000002
15980.0,2398.8599999999997
15981.0,3408.4799999999987
15983.0,1475.02
15984.0,2816.9700000000007
15985.0,1037.4200000000003
15986.0,168.12
15987.0,1451.2800000000004
15988.0,158.03000000000003
15990.0,792.11
15992.0,41.989999999999995
15993.0,2756.8199999999997
15994.0,427.07000000000005
15996.0,1044.7799999999993
15998.0,3084.1699999999987
16000.0,12393.7
16003.0,2735.3700000000003
16005.0,615.389999999999
16006.0,101.39999999999999
16007.0,1701.939999999998
16008.0,478.7800000000001
16009.0,992.7099999999999
16010.0,407.49999999999994
16011.0,3362.7100000000023
16012.0,1415.2899999999997
16013.0,33366.25
16014.0,653.1299999999998
16015.0,690.5399999999996
16016.0,1483.3100000000013
16017.0,211.87999999999994
16018.0,408.90000000000003
16019.0,3450.2399999999993
16020.0,851.0100000000001
16022.0,628.2800000000001
16023.0,719.81
16024.0,251.23999999999992
16025.0,439.66
16026.0,236.09000000000006
16027.0,852.12
16029.0,50992.60999999997
16030.0,331.24000000000007
16031.0,548.9399999999999
16033.0,8727.609999999988
16034.0,437.69999999999993
16036.0,758.9199999999994
16037.0,855.0200000000001
16038.0,454.3299999999999
16040.0,1313.5500000000006
16041.0,3166.4
16042.0,1147.3700000000001
16043.0,773.9900000000004
16045.0,1340.7000000000003
16048.0,243.69000000000005
16049.0,1111.7899999999993
16050.0,137.9
16052.0,362.06000000000006
16053.0,1511.9499999999996
16054.0,783.8999999999999
16055.0,134.8
16056.0,664.85
16057.0,2140.2200000000003
16059.0,1459.8600000000008
16061.0,-29.95
16062.0,1153.6199999999992
16063.0,335.32000000000005
16065.0,372.0900000000001
16066.0,1521.8700000000001
16070.0,852.15
16071.0,326.24000000000007
16072.0,584.3199999999999
16073.0,94.35
16076.0,2173.5299999999997
16078.0,79.2
16079.0,1352.0000000000002
16080.0,176.60000000000002
16081.0,2806.9000000000005
16083.0,1317.6200000000003
16084.0,436.17999999999995
16085.0,981.5099999999999
16086.0,1119.31
16091.0,315.06000000000006
16092.0,779.36
16093.0,17.0
16094.0,1041.83
16096.0,320.62
16097.0,185.05
16098.0,2005.6300000000003
16099.0,731.8999999999999
16101.0,1245.9599999999998
16102.0,1842.1400000000003
16103.0,1429.6399999999999
16104.0,302.36
16105.0,336.96
16106.0,108.38
16107.0,3204.16
16108.0,816.1
16109.0,611.88
16110.0,1337.4800000000016
16112.0,195.74
16113.0,161.38000000000002
16114.0,135.75000000000003
16115.0,1667.9700000000018
16116.0,592.8800000000001
16117.0,232.21
16119.0,423.36
16120.0,1294.14
16121.0,867.1099999999998
16122.0,684.42
16123.0,307.78
16124.0,187.15000000000003
16125.0,289.35
16126.0,6287.770000000002
16127.0,656.2500000000001
16128.0,1880.22
16131.0,3506.5400000000013
16133.0,14305.66
16134.0,603.6900000000002
16135.0,517.5499999999998
16136.0,709.3800000000002
16138.0,-7.95
16139.0,635.41
16140.0,703.7700000000001
16141.0,620.4
16142.0,535.3400000000001
16143.0,2419.8399999999992
16144.0,175.2
16145.0,3741.9799999999955
16146.0,734.1299999999999
16147.0,375.0
16148.0,76.32000000000001
16149.0,280.52000000000004
16150.0,1906.0699999999988
16152.0,1829.04
16153.0,1824.2300000000002
16156.0,3024.6200000000013
16157.0,644.2400000000001
16159.0,348.2000000000001
16160.0,1009.4500000000004
16161.0,5352.969999999997
16162.0,37.4
16163.0,441.6000000000001
16164.0,802.5300000000002
16168.0,3770.600000000001
16169.0,1822.9700000000003
16170.0,1880.4199999999996
16171.0,73.2
16172.0,1140.21
16173.0,1406.5699999999993
16174.0,1009.5500000000001
16175.0,1037.5899999999997
16177.0,331.95
16178.0,197.90000000000003
16179.0,215.83
16180.0,10217.480000000001
16181.0,305.5400000000001
16182.0,6617.650000000001
16183.0,338.7100000000001
16184.0,1155.5400000000002
16185.0,529.41
16186.0,3991.9400000000032
16187.0,6841.239999999998
16188.0,981.8600000000001
16189.0,215.47999999999996
16190.0,215.08
16191.0,4913.32
16193.0,314.45
16198.0,400.681
16200.0,1080.6199999999992
16201.0,1821.5199999999993
16202.0,365.27000000000004
16203.0,589.15
16204.0,405.71000000000004
16205.0,761.38
16206.0,537.06
16207.0,394.38
16208.0,664.2600000000001
16209.0,2262.62
16210.0,21086.299999999996
16211.0,542.77
16212.0,681.19
16213.0,159.0
16214.0,1062.7499999999998
16215.0,242.35000000000002
16216.0,914.9300000000002
16217.0,259.39000000000004
16218.0,3054.8700000000013
16221.0,864.86
16222.0,846.7200000000007
16224.0,1295.3000000000004
16225.0,1096.32
16226.0,255.11999999999998
16227.0,308.32000000000005
16229.0,1010.5999999999999
16230.0,542.03
16232.0,983.2299999999998
16233.0,422.13
16235.0,858.4099999999996
16236.0,432.19999999999993
16239.0,372.9
16240.0,3693.8100000000013
16241.0,2607.8700000000067
16242.0,3598.260000000001
16243.0,409.09999999999974
16244.0,1522.7499999999998
16245.0,1352.3600000000008
16247.0,114.56
16248.0,152.94
16249.0,1800.0700000000006
16250.0,389.44000000000005
16252.0,-295.09000000000003
16253.0,3665.6199999999985
16255.0,2609.2999999999993
16256.0,732.6300000000002
16257.0,46.95
16258.0,5203.51
16260.0,1035.45
16261.0,746.8299999999999
16262.0,-31.65
16265.0,5423.150000000002
16266.0,861.8899999999998
16268.0,667.6499999999999
16270.0,1141.2399999999996
16271.0,1423.2899999999997
16272.0,411.7000000000001
16274.0,357.94999999999993
16275.0,559.8699999999999
16276.0,810.6000000000001
16278.0,537.8299999999999
16279.0,1496.6800000000005
16281.0,2062.06
16282.0,168.3
16283.0,1531.509999999999
16284.0,823.9699999999996
16287.0,142.5
16292.0,280.90000000000003
16293.0,2236.7400000000002
16295.0,1328.5500000000004
16297.0,275.4000000000001
16298.0,598.1999999999998
16302.0,212.82
16303.0,5305.829999999999
16305.0,361.2199999999999
16306.0,602.2700000000001
16308.0,2560.0
16309.0,686.6700000000001
16311.0,616.26
16313.0,274.15000000000003
16315.0,226.37
16316.0,2755.5600000000004
16317.0,1341.6499999999999
16318.0,328.15
16319.0,404.40000000000003
16320.0,1038.46
16321.0,230.70000000000007
16322.0,326.74999999999994
16323.0,207.50000000000003
16324.0,428.6799999999998
16325.0,510.5400000000001
16326.0,3085.9600000000046
16327.0,3844.22
16330.0,242.21
16332.0,1583.2000000000003
16333.0,26626.8
16337.0,151.05
16338.0,214.80000000000004
16339.0,109.95000000000002
16340.0,549.0699999999998
16341.0,1959.3800000000003
16342.0,322.41
16343.0,370.47999999999996
16344.0,101.10000000000001
16345.0,575.4100000000001
16347.0,887.6500000000001
16348.0,1469.4500000000005
16349.0,53.5
16350.0,1100.4699999999996
16351.0,153.9
16352.0,494.44000000000005
16353.0,6675.709999999997
16354.0,395.79999999999995
16356.0,210.31999999999996
16357.0,658.88
16358.0,2024.949999999999
16359.0,1460.3699999999994
16360.0,3411.6900000000005
16361.0,896.6600000000001
16362.0,652.0699999999996
16363.0,109.36000000000001
16364.0,707.0399999999997
16365.0,1540.4200000000005
16366.0,327.3
16367.0,804.4899999999994
16368.0,497.42999999999984
16369.0,1553.66
16370.0,1320.5600000000004
16372.0,367.92999999999984
16374.0,473.0299999999997
16376.0,977.5200000000007
16377.0,676.2
16378.0,362.95000000000005
16379.0,2131.9000000000005
16380.0,1780.5900000000001
16383.0,668.3599999999996
16384.0,584.4999999999999
16385.0,555.8899999999999
16386.0,317.20000000000016
16387.0,94.36
16389.0,1362.27
16392.0,221.19000000000005
16393.0,2941.0500000000025
16394.0,1412.0600000000004
16395.0,1486.9000000000003
16398.0,1631.1500000000003
16399.0,408.57
16400.0,303.93
16401.0,4061.239999999999
16402.0,299.59999999999997
16403.0,161.04999999999998
16404.0,443.0500000000001
16405.0,167.25
16406.0,163.07
16407.0,2126.9300000000017
16409.0,2028.8800000000017
16411.0,214.64999999999998
16412.0,151.83
16413.0,262.20000000000005
16414.0,126.25
16415.0,210.34999999999985
16416.0,1026.9899999999998
16418.0,675.2700000000002
16419.0,959.4799999999999
16422.0,33805.69000000004
16423.0,346.12
16424.0,82.56
16425.0,302.69999999999993
16426.0,1908.2500000000002
16427.0,241.06
16428.0,-2.95
16429.0,284.55
16430.0,300.85
16431.0,642.81
16432.0,287.4
16433.0,184.26000000000002
16434.0,1522.2500000000005
16438.0,798.3499999999997
16440.0,3640.669999999999
16441.0,381.2
16442.0,616.79
16444.0,638.7700000000002
16445.0,230.51000000000002
16446.0,2.8999999999941792
16447.0,259.0099999999998
16448.0,188.89
16449.0,674.6899999999999
16450.0,311.92
16451.0,266.97
16454.0,-8.15
16455.0,1841.1800000000005
16456.0,2158.3700000000003
16457.0,208.36
16458.0,3482.7400000000002
16460.0,814.7199999999996
16461.0,151.42
16462.0,102.0
16463.0,1383.7000000000003
16464.0,1314.6800000000003
16466.0,1603.4600000000007
16468.0,74.9
16469.0,650.4300000000004
16470.0,757.44
16471.0,223.95
16473.0,314.86
16474.0,1811.470000000002
16475.0,544.3
16477.0,2494.4600000000005
16478.0,331.0
16479.0,300.83
16480.0,769.2899999999995
16482.0,220.61999999999998
16483.0,139.35000000000002
16484.0,379.4000000000001
16485.0,363.65
16488.0,492.19999999999993
16491.0,731.5
16493.0,1329.6600000000005
16494.0,826.5299999999999
16495.0,684.4100000000003
16496.0,1562.2200000000003
16497.0,2965.690000000001
16498.0,86.12
16499.0,319.1
16500.0,400.86
16503.0,1421.4300000000005
16504.0,484.37999999999977
16505.0,777.6
16506.0,90.30000000000001
16509.0,363.7
16510.0,248.10000000000002
16511.0,950.2599999999999
16513.0,874.5899999999999
16515.0,1627.1300000000006
16516.0,101.7
16517.0,162.70000000000005
16518.0,480.9200000000002
16519.0,215.08
16520.0,1036.6200000000003
16523.0,9295.670000000007
16525.0,11895.570000000007
16526.0,290.35999999999996
16527.0,228.06000000000003
16528.0,244.41
16529.0,455.25
16531.0,1244.5900000000001
16532.0,6748.8
16533.0,1026.9399999999996
16535.0,593.75
16536.0,539.02
16539.0,1388.81
16542.0,119.62
16545.0,339.3
16546.0,-95.92999999999981
16549.0,4154.639999999994
16550.0,2266.249999999998
16551.0,922.12
16552.0,379.72999999999996
16553.0,5664.569999999999
16554.0,641.5500000000001
16555.0,285.89
16556.0,3313.79
16557.0,281.84999999999997
16558.0,8257.04000000001
16560.0,816.5099999999998
16561.0,511.12000000000006
16563.0,1077.74
16565.0,173.7
16566.0,614.01
16567.0,865.5999999999999
16569.0,124.2
16570.0,3622.9500000000007
16571.0,1285.22
16572.0,999.6999999999999
16573.0,648.4099999999997
16574.0,451.43999999999977
16579.0,-30.599999999999998
16581.0,70.44
16582.0,313.61999999999995
16583.0,233.45000000000002
16584.0,908.03
16586.0,463.95
16587.0,225.14999999999995
16589.0,459.2399999999999
16591.0,213.5
16592.0,4073.2799999999993
16593.0,330.0299999999999
16594.0,181.08999999999997
16595.0,360.1600000000003
16596.0,250.15
16597.0,90.04000000000002
16598.0,140.70000000000002
16600.0,813.5200000000001
16601.0,244.79999999999995
16602.0,494.7299999999999
16603.0,482.47
16607.0,3038.670000000001
16609.0,5450.960000000006
16610.0,75.66
16611.0,120.99
16612.0,1187.6599999999999
16613.0,618.59
16614.0,506.18999999999994
16616.0,500.42000000000013
16617.0,151.85000000000002
16618.0,2630.6400000000012
16619.0,204.41
16620.0,178.96000000000004
16621.0,813.4800000000002
16623.0,129.45
16624.0,810.5699999999999
16625.0,333.08000000000004
16626.0,4379.6500000000015
16627.0,322.8
16628.0,2183.04
16629.0,417.72999999999985
16633.0,2878.1500000000005
16634.0,217.9
16637.0,1124.5900000000001
16638.0,1676.4699999999998
16639.0,1169.3799999999999
16641.0,231.10000000000002
16642.0,679.83
16643.0,487.51
16644.0,833.7799999999996
16647.0,214.06
16648.0,270.85999999999996
16650.0,518.4200000000001
16652.0,6654.26
16653.0,1166.9200000000003
16654.0,594.9699999999999
16655.0,3794.519999999997
16656.0,8568.24
16657.0,933.6199999999995
16658.0,123.24
16659.0,39.12
16660.0,810.45
16665.0,135.4
16666.0,118.98
16667.0,570.1299999999998
16668.0,306.71999999999997
16669.0,1370.8700000000003
16670.0,4022.4600000000028
16671.0,1692.27
16672.0,8093.589999999999
16674.0,319.61000000000007
16676.0,1558.7199999999998
16678.0,3013.8300000000013
16679.0,129.75
16680.0,183.70000000000002
16681.0,1770.3400000000004
16682.0,1027.9999999999998
16684.0,65892.07999999999
16685.0,324.24
16686.0,3043.4799999999987
16688.0,1260.8600000000001
16689.0,303.26
16690.0,208.62999999999997
16692.0,1276.0
16693.0,482.0099999999998
16696.0,657.9
16697.0,112.75000000000001
16698.0,1998.0
16700.0,5040.000000000003
16701.0,5150.270000000002
16705.0,13946.129999999988
16706.0,531.35
16708.0,656.6300000000001
16709.0,3029.870000000001
16710.0,2483.04
16711.0,1651.0299999999995
16712.0,3645.4299999999957
16713.0,6840.230000000009
16714.0,911.5299999999993
16715.0,301.71999999999997
16716.0,319.8000000000001
16717.0,3278.36
16718.0,623.7500000000002
16719.0,1773.9200000000008
16720.0,155.23999999999998
16721.0,292.46999999999997
16722.0,4711.21
16723.0,589.15
16725.0,775.0700000000003
16726.0,1382.0200000000013
16727.0,272.81999999999994
16728.0,1054.6699999999996
16729.0,7076.279999999985
16730.0,702.79
16732.0,603.7499999999998
16734.0,650.51
16735.0,2269.2099999999996
16737.0,417.59999999999997
16738.0,3.75
16739.0,312.55000000000007
16742.0,0.0
16743.0,2191.8400000000006
16744.0,1304.7599999999993
16745.0,7170.700000000005
16746.0,6694.310000000009
16747.0,826.96
16748.0,1515.8999999999992
16750.0,623.93
16751.0,1764.7199999999998
16752.0,207.5
16753.0,223.92
16754.0,2002.4
16755.0,1484.6300000000003
16756.0,239.4
16757.0,106.83
16758.0,369.34
16759.0,772.84
16761.0,316.61999999999995
16762.0,1501.3799999999997
16763.0,594.9000000000001
16764.0,2758.2500000000027
16765.0,34.0
16766.0,1145.6
16767.0,5580.599999999999
16768.0,458.0399999999999
16769.0,380.3899999999999
16770.0,744.9000000000003
16771.0,2246.8100000000013
16773.0,171.59
16774.0,654.9200000000001
16775.0,1695.660000000002
16776.0,388.2799999999999
16777.0,226.35000000000005
16778.0,245.94
16779.0,10454.04999999999
16780.0,425.18999999999994
16781.0,294.65
16782.0,2242.25
16784.0,107.6
16788.0,597.4799999999999
16789.0,80.8
16790.0,1520.1199999999997
16791.0,1706.2800000000022
16792.0,110.38000000000001
16793.0,243.83999999999997
16794.0,1201.5100000000014
16795.0,414.88000000000005
16796.0,305.62
16800.0,1201.4900000000002
16801.0,867.8300000000002
16803.0,332.29999999999995
16804.0,536.99
16805.0,460.58999999999986
16806.0,801.4899999999996
16807.0,1121.59
16808.0,288.42
16809.0,912.74
16810.0,275.64
16811.0,547.0699999999999
16812.0,479.3500000000001
16813.0,1692.9799999999998
16814.0,6500.600000000003
16816.0,417.06000000000006
16817.0,1446.9500000000003
16818.0,3317.9700000000003
16820.0,497.61000000000007
16823.0,358.37999999999994
16824.0,460.64
16825.0,775.1800000000001
16826.0,341.70000000000005
16828.0,128.5
16829.0,197.22
16830.0,325.90999999999997
16832.0,199.15000000000003
16833.0,1106.5299999999997
16834.0,413.46000000000004
16835.0,180.85000000000002
16836.0,251.87
16837.0,3167.7300000000014
16838.0,582.9000000000001
16839.0,15357.779999999988
16841.0,1774.6200000000003
16842.0,1260.4399999999998
16843.0,10183.820000000007
16846.0,214.32000000000002
16847.0,193.44
16848.0,281.42
16849.0,124.57
16850.0,332.40999999999997
16851.0,342.45
16852.0,144.91
16855.0,328.4
16856.0,35.400000000000006
16858.0,345.8900000000001
16859.0,473.13999999999976
16861.0,151.65
16863.0,481.35
16866.0,207.73999999999998
16869.0,805.6199999999998
16871.0,2761.49
16872.0,680.02
16873.0,7066.309999999998
16875.0,2023.47
16877.0,853.7199999999998
16878.0,0.0
16880.0,1519.0800000000004
16881.0,432.0
16882.0,705.1199999999998
16883.0,276.72999999999996
16884.0,429.84
16885.0,471.50999999999965
16887.0,194.88
16889.0,1578.6700000000005
16891.0,809.7000000000002
16892.0,496.8399999999997
16893.0,145.93000000000004
16895.0,219.13999999999996
16897.0,213.03000000000014
16898.0,444.4599999999999
16899.0,1281.5599999999997
16900.0,187.6900000000003
16902.0,1706.88
16903.0,373.24
16904.0,3754.2699999999986
16905.0,3085.4799999999996
16906.0,579.7700000000002
16907.0,981.6500000000001
16909.0,364.14000000000004
16910.0,1510.060000000002
16912.0,2528.670000000001
16913.0,113.44000000000001
16914.0,208.45999999999995
16915.0,621.6800000000001
16916.0,576.2600000000003
16917.0,391.5200000000001
16918.0,1043.3399999999997
16919.0,2596.4499999999994
16921.0,169.79000000000005
16923.0,6666.829999999986
16924.0,739.4999999999995
16926.0,230.25000000000003
16927.0,543.0500000000001
16928.0,2781.499999999998
16929.0,1295.3900000000006
16930.0,380.55000000000007
16931.0,4604.2199999999875
16932.0,161.94
16933.0,530.08
16934.0,950.93
16936.0,262.68
16938.0,1903.1300000000012
16940.0,3049.880000000001
16942.0,1894.1100000000017
16943.0,816.7299999999999
16945.0,4345.500000000007
16947.0,406.48000000000013
16948.0,435.02
16949.0,1161.2700000000002
16950.0,1178.56
16951.0,1262.7500000000014
16952.0,167.61
16953.0,20.8
16954.0,2085.0800000000004
16955.0,493.67
16956.0,292.34000000000003
16957.0,416.64
16959.0,117.35000000000001
16960.0,507.04999999999995
16961.0,234.17
16963.0,110.55000000000001
16965.0,201.19
16966.0,2148.4700000000003
16967.0,319.0199999999999
16968.0,439.4300000000001
16969.0,650.4100000000002
16971.0,232.20999999999987
16976.0,251.51999999999998
16978.0,344.33
16979.0,1809.0500000000004
16980.0,1078.9600000000005
16982.0,384.06
16983.0,1920.1999999999998
16984.0,4392.419999999996
16985.0,5461.620000000001
16986.0,1873.2
16987.0,1625.0500000000004
16988.0,126.12
16989.0,1133.25
16990.0,179.0
16992.0,1601.86
16995.0,-1.25
16996.0,1427.46
16997.0,702.0
16998.0,287.02
16999.0,484.82000000000005
17001.0,3989.5700000000006
17002.0,1487.78
17004.0,1412.9399999999996
17006.0,781.7800000000001
17007.0,877.4300000000001
17010.0,185.46
17011.0,270.90000000000003
17014.0,565.5799999999997
17015.0,1842.5599999999995
17017.0,8574.110000000002
17018.0,920.0999999999998
17019.0,1272.6100000000013
17022.0,71.0
17024.0,95.85
17025.0,357.77
17026.0,154.82999999999998
17027.0,848.5899999999997
17029.0,716.0
17030.0,146.87
17031.0,380.35
17033.0,1030.1399999999999
17034.0,734.57
17035.0,388.33000000000004
17037.0,1253.2199999999996
17038.0,112.40000000000003
17040.0,449.7299999999999
17041.0,1065.7700000000002
17042.0,1044.3800000000003
17043.0,1735.1799999999998
17044.0,897.43
17045.0,339.44
17046.0,642.0199999999999
17047.0,1100.9
17048.0,864.3199999999998
17049.0,5594.780000000006
17050.0,3228.8399999999992
17051.0,247.14
17052.0,413.75000000000006
17053.0,496.37999999999994
17054.0,1353.8300000000004
17058.0,1179.8899999999999
17059.0,3095.0399999999995
17060.0,234.24
17061.0,5116.129999999999
17062.0,534.4699999999999
17063.0,1421.5899999999992
17064.0,859.3500000000003
17065.0,-112.35
17068.0,4531.340000000004
17069.0,2655.2200000000007
17070.0,312.13999999999993
17071.0,2385.480000000001
17073.0,1446.09
17075.0,813.7700000000001
17076.0,841.08
17078.0,378.2000000000001
17079.0,118.80000000000001
17080.0,285.5
17081.0,290.1600000000001
17082.0,2003.8500000000008
17083.0,1405.7799999999995
17084.0,2949.7500000000014
17085.0,1555.05
17086.0,2050.079999999999
17088.0,1991.009999999999
17090.0,2041.850000000001
17091.0,3802.8100000000018
17092.0,1777.7800000000007
17094.0,270.19999999999993
17095.0,1088.1999999999994
17096.0,992.6800000000003
17097.0,937.9199999999998
17100.0,971.74
17101.0,1621.7299999999998
17102.0,25.5
17105.0,665.7800000000004
17107.0,10380.429999999995
17109.0,869.6799999999998
17110.0,163.29999999999998
17111.0,248.60999999999999
17114.0,747.2199999999997
17115.0,806.8999999999997
17117.0,116.19999999999997
17118.0,157.02
17119.0,593.6099999999999
17120.0,307.46
17122.0,138.32
17123.0,345.29999999999995
17124.0,298.89000000000004
17125.0,259.34999999999997
17126.0,991.8499999999998
17128.0,157.09
17131.0,2463.170000000001
17133.0,4892.240000000001
17134.0,424.99999999999994
17135.0,1139.7299999999998
17138.0,380.5
17139.0,10585.569999999985
17140.0,465.32
17142.0,579.0
17144.0,984.5699999999998
17146.0,749.78
17147.0,1679.6400000000003
17148.0,124.88
17152.0,1503.5
17153.0,213.77999999999997
17154.0,329.34000000000003
17155.0,251.69999999999996
17157.0,306.54999999999995
17158.0,1266.9699999999993
17159.0,1534.7300000000002
17160.0,3518.0299999999993
17162.0,1707.2099999999996
17163.0,293.1
17164.0,2466.4000000000005
17165.0,158.68
17166.0,189.48999999999998
17169.0,816.8800000000006
17171.0,224.90999999999997
17172.0,313.26
17173.0,3755.6499999999983
17174.0,59.9
17175.0,1430.9400000000003
17176.0,306.13
17179.0,711.79
17180.0,780.3800000000001
17181.0,239.91999999999996
17183.0,3286.9099999999994
17186.0,144.0
17187.0,203.95
17188.0,2275.58
17189.0,384.3999999999999
17190.0,249.74
17191.0,2095.1300000000015
17193.0,1674.46
17194.0,262.62
17197.0,1013.01
17198.0,692.2200000000001
17201.0,342.63
17203.0,3563.8499999999995
17204.0,1352.9100000000003
17205.0,384.08
17206.0,204.24
17211.0,2299.670000000001
17212.0,226.85
17213.0,2741.079999999998
17214.0,984.1199999999997
17217.0,113.5
17218.0,1960.7200000000003
17219.0,114.23
17220.0,3198.2500000000027
17221.0,335.13
17222.0,354.15
17223.0,426.78999999999985
17226.0,393.48999999999995
17227.0,939.32
17228.0,1906.0900000000015
17229.0,318.76000000000005
17230.0,3466.6700000000005
17231.0,3127.820000000003
17232.0,421.5200000000001
17233.0,190.88
17234.0,149.89
17235.0,550.0600000000001
17236.0,916.1300000000002
17237.0,314.69
17238.0,3744.65
17239.0,379.95000000000005
17242.0,1135.0399999999997
17243.0,8628.55
17244.0,954.8999999999997
17245.0,171.45
17247.0,282.18999999999994
17248.0,318.65000000000003
17250.0,384.52
17251.0,283.28
17252.0,353.8599999999999
17253.0,178.26
17254.0,272.44000000000005
17255.0,298.40999999999997
17256.0,239.99999999999997
17259.0,603.3699999999998
17262.0,1253.3600000000001
17263.0,63.440000000000005
17265.0,562.8999999999997
17266.0,310.63999999999993
17267.0,317.61999999999995
17268.0,763.64
17272.0,2144.5299999999997
17274.0,111.98000000000002
17277.0,1065.3500000000001
17278.0,246.04000000000008
17279.0,187.82999999999998
17282.0,1703.4100000000003
17284.0,1641.6800000000019
17286.0,153.92000000000004
17287.0,1064.1100000000001
17288.0,1419.7300000000012
17289.0,936.1600000000004
17290.0,525.2399999999998
17291.0,550.8000000000001
17293.0,1875.1100000000006
17295.0,556.9499999999997
17297.0,131.78000000000006
17298.0,498.42
17299.0,669.1100000000001
17301.0,197.6300000000001
17302.0,1119.9299999999998
17303.0,250.03999999999994
17306.0,8600.730000000005
17307.0,-152.64000000000001
17309.0,82.75
17311.0,1384.8500000000001
17312.0,644.3
17313.0,2288.1299999999997
17314.0,2514.76
17315.0,6204.459999999995
17317.0,2524.0200000000004
17320.0,1200.6199999999997
17321.0,700.8599999999999
17323.0,908.9900000000005
17324.0,990.2300000000002
17325.0,96.8
17329.0,523.11
17330.0,363.9
17331.0,175.2
17333.0,494.24999999999994
17334.0,306.6
17337.0,1944.3200000000033
17338.0,6612.179999999995
17339.0,243.36
17340.0,11891.179999999997
17341.0,781.3600000000001
17343.0,193.63999999999996
17344.0,160.56999999999994
17345.0,537.74
17346.0,2611.58
17347.0,228.96
17348.0,1159.5200000000011
17349.0,110.75
17350.0,1256.19
17351.0,587.15
17353.0,1740.0
17354.0,1393.06
17356.0,178.21999999999997
17357.0,388.1399999999999
17358.0,365.84999999999985
17359.0,127.85999999999999
17360.0,585.7900000000002
17361.0,488.2
17362.0,312.22999999999996
17364.0,4455.729999999996
17365.0,4801.559999999999
17367.0,168.4
17368.0,1349.5200000000011
17370.0,446.18
17371.0,423.8899999999998
17372.0,1342.6800000000012
17373.0,646.9200000000001
17374.0,495.7699999999999
17375.0,372.49999999999983
17376.0,203.2
17377.0,3925.919999999996
17379.0,404.66
17381.0,20272.42999999999
17382.0,65.4
17383.0,199.29000000000002
17384.0,336.40000000000003
17385.0,261.11000000000007
17386.0,2686.42
17387.0,784.11
17388.0,1259.56
17389.0,31300.080000000016
17391.0,508.8
17392.0,457.91
17394.0,203.86999999999995
17396.0,7330.800000000001
17397.0,696.4099999999999
17398.0,653.3799999999999
17400.0,2129.9600000000023
17402.0,2633.85
17403.0,281.62000000000006
17404.0,30300.819999999992
17405.0,967.2199999999998
17406.0,1928.72
17408.0,32.65
17409.0,771.8499999999999
17410.0,1214.7199999999996
17411.0,748.9399999999999
17412.0,1258.0600000000002
17414.0,778.0
17415.0,507.8399999999999
17416.0,6838.340000000002
17418.0,463.4600000000001
17419.0,4200.969999999999
17420.0,598.8300000000002
17422.0,1853.1299999999997
17423.0,663.6300000000003
17425.0,759.1699999999995
17426.0,5022.259999999998
17427.0,100.8
17428.0,17078.450000000004
17429.0,512.1200000000001
17430.0,265.76000000000005
17431.0,403.30000000000007
17432.0,365.76000000000005
17433.0,303.16
17434.0,2333.420000000001
17436.0,216.3
17438.0,378.30000000000007
17440.0,177.09999999999997
17442.0,2210.2600000000007
17443.0,534.24
17444.0,2940.0400000000013
17446.0,120.9
17447.0,541.53
17448.0,-4287.63
17449.0,2504.8599999999997
17450.0,187482.17000000013
17451.0,1648.9500000000003
17453.0,486.71999999999997
17454.0,517.5300000000002
17455.0,131.7
17456.0,249.85999999999999
17457.0,1737.6999999999998
17458.0,316.49999999999994
17459.0,657.3
17460.0,452.63000000000005
17461.0,757.4599999999996
17462.0,662.9399999999999
17463.0,1881.3600000000017
17464.0,289.96000000000004
17466.0,763.2800000000003
17468.0,137.0
17469.0,1843.0599999999997
17470.0,1125.0700000000002
17472.0,710.2900000000002
17475.0,194.36999999999995
17480.0,506.51
17481.0,1249.3400000000006
17483.0,414.04
17486.0,396.87000000000006
17489.0,376.63999999999993
17490.0,1926.8799999999997
17491.0,3541.9200000000005
17492.0,374.57
17495.0,497.56000000000006
17496.0,271.04999999999995
17498.0,272.21999999999997
17499.0,622.88
17500.0,1138.0
17501.0,288.59999999999997
17502.0,689.0999999999999
17503.0,558.9599999999999
17504.0,2745.28
17505.0,1145.84
17506.0,294.28999999999996
17507.0,605.5799999999999
17508.0,387.31
17509.0,6100.740000000002
17510.0,308.48
17511.0,88125.37999999996
17512.0,2920.0400000000013
17513.0,513.2
17514.0,208.65
17515.0,639.0199999999998
17516.0,768.0800000000002
17517.0,153.94
17519.0,1839.0700000000004
17520.0,546.8100000000001
17521.0,721.9599999999998
17522.0,1070.71
17523.0,652.7400000000001
17524.0,145.0
17525.0,422.70000000000005
17526.0,706.6999999999999
17527.0,888.86
17528.0,3540.1000000000017
17530.0,2385.0000000000023
17531.0,293.45000000000005
17534.0,223.36
17535.0,164.39999999999998
17536.0,76.5
17537.0,897.6200000000003
17538.0,98.42000000000002
17540.0,570.4
17542.0,170.75
17545.0,645.9599999999999
17547.0,-11.8
17548.0,-141.48000000000002
17549.0,148.86
17550.0,267.16000000000014
17551.0,306.84
17552.0,909.9599999999999
17553.0,1487.6
17554.0,1952.4499999999998
17555.0,483.25999999999993
17556.0,157.9
17557.0,541.4599999999999
17560.0,854.9500000000002
17561.0,167.61999999999998
17562.0,1107.3799999999999
17564.0,454.0099999999999
17566.0,901.2100000000007
17567.0,4012.559999999999
17569.0,344.13999999999993
17571.0,1498.5100000000014
17572.0,226.75
17573.0,362.8999999999999
17574.0,185.64999999999998
17576.0,3457.7799999999975
17578.0,124.73999999999998
17579.0,440.1999999999999
17580.0,215.72000000000003
17581.0,10736.109999999991
17582.0,175.27
17584.0,1227.3000000000002
17585.0,1133.0700000000004
17588.0,1240.2000000000003
17589.0,2404.170000000001
17590.0,1479.22
17591.0,2215.020000000001
17593.0,3911.5599999999995
17594.0,993.1799999999995
17595.0,388.7900000000001
17596.0,2827.929999999999
17597.0,2044.3700000000003
17600.0,161.67000000000002
17601.0,116.01
17602.0,5050.769999999997
17603.0,-1165.2999999999997
17604.0,309.36
17608.0,193.42000000000007
17609.0,1103.9200000000003
17611.0,3947.8699999999994
17612.0,1992.759999999999
17613.0,4509.37
17614.0,390.0699999999999
17615.0,329.6
17616.0,571.2
17618.0,971.5800000000002
17619.0,218.52000000000004
17620.0,81.44
17621.0,1336.1
17623.0,527.05
17624.0,843.4799999999997
17625.0,2047.0000000000011
17628.0,75.75000000000001
17629.0,1784.1200000000008
17630.0,503.59999999999985
17631.0,528.33
17633.0,1242.3399999999997
17634.0,2361.9700000000034
17636.0,265.93000000000006
17637.0,547.06
17639.0,108.5
17640.0,621.6600000000001
17642.0,712.2900000000002
17643.0,101.55000000000001
17644.0,2768.9799999999996
17646.0,995.6599999999997
17647.0,133.06
17648.0,1789.55
17649.0,861.74
17650.0,166.07999999999998
17651.0,3886.670000000001
17652.0,4737.1299999999965
17653.0,1175.88
17654.0,117.54999999999998
17655.0,2571.7400000000025
17656.0,1674.69
17658.0,485.87999999999994
17659.0,2954.7500000000014
17660.0,196.0
17663.0,1788.27
17664.0,604.64
17666.0,728.1599999999999
17667.0,2055.5099999999993
17668.0,347.74999999999994
17669.0,3406.7200000000003
17670.0,205.7
17671.0,1284.0800000000002
17672.0,3106.6200000000003
17673.0,1622.2200000000016
17674.0,551.0400000000001
17675.0,20098.09999999997
17676.0,1383.2700000000004
17677.0,16219.22
17678.0,298.10999999999996
17679.0,1992.1100000000006
17680.0,184.39999999999998
17682.0,2459.3300000000004
17684.0,239.41
17685.0,3191.5299999999993
17686.0,5739.460000000007
17690.0,4748.450000000001
17691.0,290.40000000000003
17692.0,733.4399999999999
17693.0,187.02
17694.0,283.12000000000006
17695.0,765.34
17696.0,2201.050000000001
17697.0,338.95000000000005
17698.0,154.95000000000002
17700.0,2508.89
17701.0,417.95000000000005
17702.0,1719.7200000000003
17703.0,798.7399999999999
17704.0,885.1899999999998
17705.0,1781.1199999999992
17706.0,10097.369999999995
17707.0,152.39999999999998
17708.0,267.08000000000004
17709.0,137.45
17711.0,385.1
17712.0,522.91
17714.0,153.0
17715.0,326.4
17716.0,5505.790000000001
17718.0,139.35
17719.0,5367.800000000004
17720.0,1195.94
17722.0,2380.6399999999994
17723.0,3276.4
17724.0,995.6500000000002
17725.0,3371.1300000000006
17727.0,1042.55
17728.0,2515.680000000001
17730.0,5288.829999999997
17731.0,878.2000000000002
17732.0,303.97
17733.0,692.1899999999998
17734.0,700.63
17735.0,13110.019999999991
17736.0,337.4899999999999
17737.0,168.24
17738.0,1863.3500000000001
17739.0,2786.05
17742.0,355.11
17744.0,2291.079999999999
17746.0,98.80000000000001
17747.0,64.65
17749.0,674.5199999999999
17750.0,1797.5699999999997
17752.0,80.64
17754.0,1739.9199999999994
17757.0,5585.4899999999925
17758.0,3456.7000000000025
17759.0,834.9899999999998
17760.0,287.59
17761.0,712.78
17763.0,15.0
17764.0,818.8200000000002
17765.0,371.87999999999994
17767.0,271.20000000000005
17768.0,2273.1800000000003
17769.0,3960.6299999999997
17770.0,1143.2699999999995
17771.0,245.81
17772.0,182.76999999999998
17774.0,1215.4600000000003
17775.0,56.4
17777.0,665.86
17779.0,642.17
17781.0,188.01999999999998
17783.0,283.4699999999997
17785.0,131.94000000000003
17786.0,278.74
17787.0,1865.1899999999994
17788.0,1117.9
17789.0,225.9
17790.0,1965.5500000000013
17791.0,106.1
17793.0,323.03999999999996
17795.0,350.3899999999999
17796.0,697.9000000000002
17797.0,780.4300000000003
17799.0,3026.0799999999967
17800.0,1199.01
17802.0,1251.84
17805.0,512.31
17806.0,546.0399999999998
17809.0,4627.619999999998
17811.0,7677.709999999991
17812.0,732.1600000000001
17813.0,1714.6000000000024
17816.0,36.55999999999999
17817.0,387.6799999999999
17819.0,3661.069999999999
17820.0,-24.049999999999997
17824.0,298.4
17827.0,1995.460000000001
17828.0,1599.9700000000007
17829.0,889.24
17830.0,398.7
17831.0,35.400000000000006
17832.0,155.3700000000001
17835.0,350.63999999999993
17836.0,110.21
17837.0,1560.5300000000007
17838.0,2312.7000000000007
17839.0,338.80000000000007
17841.0,40340.78000000009
17843.0,205.48000000000002
17844.0,51.56
17846.0,2033.1
17848.0,901.2000000000003
17849.0,605.8
17850.0,5288.630000000009
17852.0,114.34
17854.0,311.26
17855.0,208.96999999999997
17856.0,1393.7900000000002
17857.0,26763.339999999997
17858.0,5155.659999999998
17859.0,148.21
17860.0,252.79999999999998
17861.0,2059.2000000000007
17862.0,330.9
17863.0,3159.9999999999995
17864.0,597.5000000000002
17865.0,10158.539999999994
17866.0,325.7
17867.0,622.7500000000002
17869.0,428.1799999999999
17870.0,1889.400000000002
17871.0,155.89999999999998
17873.0,1764.3600000000004
17874.0,658.2600000000002
17877.0,237.61
17878.0,379.45000000000005
17879.0,178.51999999999998
17880.0,458.91999999999985
17881.0,133.35000000000002
17883.0,671.7699999999994
17884.0,717.4499999999994
17885.0,190.18999999999997
17886.0,899.6099999999999
17887.0,111.35
17888.0,525.78
17889.0,203.87
17890.0,602.0900000000005
17891.0,203.85999999999993
17892.0,244.10000000000002
17893.0,112.25000000000004
17894.0,1119.8100000000004
17895.0,97.99999999999997
17896.0,256.32
17897.0,541.0999999999999
17898.0,152.06
17899.0,155.79999999999998
17900.0,14.999999999999993
17901.0,110.38000000000001
17904.0,178.91999999999993
17905.0,800.24
17906.0,72.9
17908.0,243.2799999999999
17911.0,366.23
17912.0,295.61000000000007
17913.0,411.6
17914.0,336.4299999999999
17917.0,341.2799999999999
17919.0,1304.04
17920.0,4204.0999999999885
17921.0,826.5200000000003
17923.0,207.50000000000003
17924.0,2894.33
17925.0,244.08
17926.0,397.29
17928.0,212.54000000000005
17929.0,834.5
17930.0,1740.4799999999998
17931.0,408.36
17932.0,1331.5699999999997
17934.0,704.25
17935.0,145.79
17936.0,389.8399999999999
17937.0,4301.22
17939.0,99.14000000000003
17940.0,1983.5800000000004
17941.0,304.56
17942.0,77.50000000000001
17946.0,149.58
17947.0,176.68
17948.0,358.56000000000006
17949.0,52750.84000000001
17950.0,472.12000000000006
17951.0,990.8400000000003
17954.0,2295.370000000001
17955.0,557.3
17956.0,12.75
17957.0,111.67999999999998
17958.0,508.4599999999999
17960.0,73.78
17961.0,1296.4400000000012
17962.0,102.82999999999998
17964.0,471.6999999999999
17965.0,2622.569999999998
17966.0,1098.43
17967.0,123.07000000000002
17968.0,277.34999999999997
17969.0,228.2
17970.0,582.5899999999999
17972.0,136.04
17973.0,337.04
17974.0,740.7899999999995
17975.0,4393.6100000000015
17976.0,353.18999999999994
17977.0,288.14
17978.0,300.91999999999996
17979.0,737.8100000000001
17980.0,811.4499999999999
17984.0,152.68000000000006
17985.0,634.9499999999999
17986.0,20.8
17987.0,198.57
17988.0,191.17
17990.0,630.84
17991.0,93.35
17994.0,629.6899999999999
17995.0,76.1
17997.0,1511.3000000000025
17999.0,382.05999999999995
18001.0,417.23
18004.0,169.46999999999997
18005.0,249.71999999999989
18006.0,444.68
18008.0,2116.19
18009.0,252.24000000000004
18010.0,174.79999999999998
18011.0,102.79
18013.0,187.29000000000005
18014.0,166.42000000000002
18015.0,120.03
18016.0,1483.56
18017.0,523.0
18018.0,122.13999999999996
18019.0,38.45
18022.0,668.1100000000002
18024.0,236.78000000000003
18027.0,115.30999999999999
18030.0,220.69999999999996
18032.0,73.5
18033.0,97.97000000000004
18034.0,422.8800000000001
18035.0,730.4000000000001
18036.0,405.6199999999999
18037.0,70.02
18040.0,357.20000000000005
18041.0,4161.139999999996
18042.0,165.04999999999998
18043.0,559.5099999999996
18044.0,2085.649999999999
18045.0,189.39999999999995
18048.0,172.29000000000002
18050.0,74.4
18053.0,297.07000000000005
18055.0,6752.14
18056.0,363.65
18058.0,170.16
18059.0,296.71
18061.0,2119.4099999999994
18062.0,720.5200000000001
18064.0,814.0
18065.0,2380.080000000001
18066.0,318.0
18067.0,396.3300000000001
18068.0,101.69999999999999
18069.0,2021.8200000000004
18071.0,453.0
18072.0,-5.5067062021407764e-14
18073.0,3864.440000000002
18074.0,489.6
18075.0,2538.7200000000007
18077.0,2633.009999999999
18078.0,336.13
18079.0,3651.969999999997
18080.0,1231.5
18081.0,343.45
18082.0,703.3699999999997
18084.0,87.52999999999999
18085.0,689.95
18086.0,101.33999999999999
18087.0,3770.12
18088.0,167.66999999999996
18092.0,9065.760000000002
18093.0,2083.42
18094.0,3017.2999999999993
18095.0,580.05
18096.0,911.1500000000001
18097.0,2692.85
18099.0,168.31000000000003
18101.0,223.65
18102.0,256438.49000000005
18104.0,754.6400000000002
18105.0,113.48000000000002
18106.0,430.6999999999999
18108.0,264.65
18109.0,7925.319999999997
18110.0,206.05
18112.0,352.69
18113.0,76.32000000000001
18114.0,220.1
18116.0,1418.0300000000013
18117.0,320.71999999999997
18118.0,5595.76999999997
18119.0,181.11999999999998
18120.0,111.14999999999999
18121.0,673.1000000000001
18122.0,1826.2100000000016
18123.0,589.4399999999999
18125.0,1141.3399999999992
18126.0,206.83000000000007
18127.0,348.7299999999999
18129.0,112.55
18130.0,1045.7400000000002
18133.0,715.4999999999999
18135.0,681.9100000000001
18136.0,761.8299999999998
18138.0,152.65
18139.0,8393.219999999996
18141.0,-35.400000000000006
18142.0,1014.8999999999999
18143.0,1000.1599999999997
18144.0,2888.750000000001
18145.0,2861.5500000000006
18146.0,160.35
18147.0,179.33999999999997
18149.0,612.08
18150.0,566.5800000000002
18151.0,653.3499999999999
18154.0,399.18999999999994
18155.0,347.82000000000005
18156.0,734.94
18158.0,451.7500000000001
18159.0,530.1500000000002
18160.0,638.0600000000002
18161.0,1612.7899999999997
18164.0,394.70000000000005
18165.0,302.46000000000004
18167.0,1355.51
18168.0,1133.64
18169.0,202.65000000000003
18170.0,980.3100000000002
18171.0,1208.5099999999995
18172.0,7490.170000000001
18173.0,2106.84
18174.0,104.0
18176.0,448.65
18177.0,1314.1699999999994
18178.0,1573.4099999999996
18179.0,1793.1700000000008
18180.0,1843.75
18181.0,382.79999999999995
18183.0,600.5200000000001
18184.0,49.8
18185.0,304.25
18188.0,1998.49
18189.0,1084.34
18190.0,274.51
18191.0,207.79999999999998
18192.0,957.9699999999999
18193.0,212.96000000000004
18194.0,895.9999999999999
18196.0,689.1300000000003
18198.0,5083.060000000003
18200.0,163.8
18202.0,1396.9900000000007
18203.0,160.42000000000002
18204.0,1979.3
18205.0,517.36
18209.0,139.10000000000002
18210.0,2621.379999999999
18211.0,600.07
18212.0,248.41999999999993
18213.0,232.48000000000002
18215.0,299.34000000000003
18216.0,481.75
18217.0,621.75
18218.0,626.38
18219.0,2019.7700000000004
18220.0,297.78000000000003
18221.0,1033.31
18222.0,443.0
18223.0,6315.230000000003
18224.0,158.95000000000002
18225.0,5361.02
18226.0,5192.100000000004
18227.0,93.75
18228.0,769.1999999999999
18229.0,7276.900000000001
18230.0,2716.5999999999995
18231.0,2066.170000000001
18232.0,582.47
18233.0,440.0
18235.0,1796.48
18236.0,882.24
18237.0,987.0999999999998
18239.0,1561.6099999999997
18240.0,422.58000000000004
18241.0,2058.090000000001
18242.0,2232.49
18245.0,2507.5599999999995
18246.0,596.0999999999999
18248.0,783.02
18249.0,95.34
18250.0,342.92
18251.0,4314.719999999999
18252.0,526.6699999999996
18255.0,103.3
18256.0,-50.1
18257.0,2265.38
18259.0,2338.600000000001
18260.0,2595.000000000001
18261.0,324.23999999999995
18262.0,149.48
18263.0,1211.0800000000002
18265.0,801.5100000000001
18268.0,0.0
18269.0,138.89999999999998
18270.0,238.95000000000005
18272.0,3064.78
18273.0,204.0
18274.0,1.2434497875801753e-14
18276.0,323.3599999999999
18277.0,97.63
18278.0,173.89999999999998
18280.0,180.6
18281.0,80.82
18282.0,176.59999999999997
18283.0,2094.880000000003
18287.0,1837.2799999999997
