CustomerID,Quantity
12346.0,2
12347.0,182
12348.0,31
12349.0,73
12350.0,17
12352.0,95
12353.0,4
12354.0,58
12355.0,13
12356.0,59
12357.0,131
12358.0,19
12359.0,254
12360.0,129
12361.0,10
12362.0,274
12363.0,23
12364.0,85
12365.0,23
12367.0,11
12370.0,167
12371.0,63
12372.0,52
12373.0,14
12374.0,33
12375.0,18
12377.0,77
12378.0,219
12379.0,41
12380.0,105
12381.0,91
12383.0,100
12384.0,30
12386.0,10
12388.0,100
12390.0,32
12391.0,100
12393.0,64
12394.0,27
12395.0,159
12397.0,126
12398.0,85
12399.0,59
12401.0,5
12402.0,11
12403.0,6
12405.0,54
12406.0,108
12407.0,77
12408.0,113
12409.0,114
12410.0,28
12412.0,61
12413.0,40
12414.0,18
12415.0,778
12417.0,198
12418.0,34
12420.0,29
12421.0,46
12422.0,39
12423.0,126
12424.0,30
12425.0,36
12426.0,30
12427.0,35
12428.0,300
12429.0,97
12430.0,11
12431.0,240
12432.0,108
12433.0,420
12434.0,54
12435.0,36
12436.0,16
12437.0,201
12438.0,98
12441.0,11
12442.0,12
12444.0,177
12445.0,4
12446.0,58
12447.0,26
12448.0,22
12449.0,191
12450.0,8
12451.0,355
12452.0,23
12453.0,43
12454.0,30
12455.0,90
12456.0,129
12457.0,68
12458.0,38
12461.0,35
12462.0,72
12463.0,88
12464.0,29
12465.0,51
12468.0,40
12471.0,531
12472.0,391
12473.0,179
12474.0,457
12475.0,36
12476.0,264
12477.0,308
12478.0,36
12479.0,35
12480.0,154
12481.0,218
12483.0,81
12484.0,350
12488.0,55
12489.0,15
12490.0,245
12491.0,26
12492.0,20
12493.0,23
12494.0,84
12497.0,14
12498.0,23
12500.0,65
12501.0,160
12502.0,147
12503.0,1
12504.0,15
12505.0,1
12506.0,23
12507.0,23
12508.0,69
12509.0,7
12510.0,33
12512.0,34
12513.0,36
12514.0,51
12515.0,16
12516.0,26
12517.0,286
12518.0,124
12519.0,18
12520.0,155
12521.0,38
12522.0,12
12523.0,110
12524.0,144
12526.0,71
12527.0,18
12528.0,95
12530.0,68
12531.0,17
12532.0,16
12534.0,63
12535.0,34
12536.0,273
12538.0,21
12539.0,274
12540.0,481
12541.0,52
12544.0,20
12545.0,50
12546.0,70
12547.0,8
12548.0,5
12550.0,57
12551.0,10
12552.0,20
12553.0,196
12556.0,121
12557.0,33
12558.0,22
12559.0,22
12560.0,111
12561.0,16
12562.0,168
12564.0,21
12565.0,10
12566.0,20
12567.0,463
12569.0,191
12571.0,34
12572.0,62
12573.0,28
12574.0,11
12576.0,89
12577.0,148
12578.0,120
12579.0,31
12580.0,24
12581.0,15
12582.0,22
12583.0,251
12584.0,126
12585.0,97
12586.0,12
12587.0,4
12588.0,10
12589.0,35
12590.0,70
12591.0,26
12592.0,18
12593.0,21
12594.0,119
12596.0,27
12597.0,214
12598.0,133
12599.0,62
12600.0,65
12601.0,29
12602.0,12
12603.0,3
12604.0,16
12605.0,3
12607.0,202
12609.0,60
12610.0,111
12611.0,65
12612.0,21
12613.0,163
12614.0,20
12615.0,105
12616.0,36
12617.0,42
12618.0,11
12619.0,95
12620.0,92
12621.0,474
12622.0,11
12623.0,18
12624.0,38
12625.0,91
12626.0,307
12627.0,230
12628.0,43
12630.0,64
12631.0,31
12633.0,103
12635.0,101
12637.0,394
12638.0,39
12639.0,22
12640.0,53
12641.0,10
12642.0,47
12643.0,24
12644.0,31
12645.0,74
12646.0,45
12647.0,128
12648.0,21
12649.0,33
12650.0,20
12651.0,9
12652.0,51
12653.0,43
12654.0,38
12656.0,130
12657.0,56
12658.0,36
12659.0,5
12660.0,13
12662.0,232
12664.0,38
12665.0,4
12666.0,2
12667.0,33
12668.0,168
12669.0,102
12670.0,94
12672.0,10
12673.0,42
12674.0,91
12676.0,45
12678.0,167
12679.0,56
12680.0,52
12681.0,646
12682.0,525
12683.0,362
12684.0,105
12685.0,157
12686.0,7
12688.0,171
12689.0,72
12690.0,16
12691.0,32
12693.0,41
12694.0,37
12695.0,27
12697.0,43
12700.0,270
12701.0,53
12702.0,12
12703.0,22
12704.0,90
12705.0,348
12707.0,33
12708.0,174
12709.0,257
12710.0,79
12712.0,142
12713.0,38
12714.0,259
12715.0,21
12716.0,69
12717.0,56
12718.0,19
12719.0,42
12720.0,359
12721.0,164
12722.0,57
12723.0,69
12724.0,53
12725.0,24
12726.0,124
12727.0,141
12728.0,46
12729.0,26
12731.0,277
12732.0,12
12733.0,22
12734.0,4
12735.0,43
12736.0,4
12738.0,11
12739.0,38
12740.0,27
12743.0,134
12744.0,229
12747.0,103
12748.0,4642
12749.0,231
12750.0,15
12752.0,53
12753.0,230
12754.0,65
12755.0,6
12756.0,4
12757.0,377
12758.0,97
12759.0,95
12762.0,69
12763.0,18
12764.0,45
12766.0,310
12769.0,32
12770.0,12
12772.0,55
12775.0,67
12778.0,51
12779.0,159
12781.0,30
12782.0,107
12783.0,86
12784.0,59
12785.0,15
12787.0,20
12789.0,4
12790.0,21
12791.0,2
12792.0,25
12793.0,24
12794.0,45
12795.0,14
12797.0,17
12798.0,8
12802.0,26
12808.0,28
12809.0,26
12811.0,31
12812.0,15
12814.0,2
12815.0,47
12816.0,29
12817.0,4
12818.0,16
12820.0,59
12821.0,6
12822.0,47
12823.0,5
12824.0,25
12826.0,94
12827.0,25
12828.0,56
12829.0,12
12830.0,39
12831.0,9
12832.0,27
12833.0,24
12834.0,18
12836.0,175
12837.0,12
12838.0,123
12839.0,316
12840.0,116
12841.0,439
12842.0,34
12843.0,108
12844.0,52
12845.0,27
12847.0,91
12849.0,51
12851.0,50
12852.0,20
12853.0,84
12854.0,115
12855.0,3
12856.0,317
12857.0,46
12863.0,6
12864.0,3
12865.0,96
12866.0,26
12867.0,551
12868.0,107
12870.0,2
12871.0,11
12872.0,66
12873.0,4
12875.0,2
12876.0,85
12877.0,154
12878.0,49
12879.0,12
12881.0,7
12882.0,13
12883.0,42
12884.0,7
12885.0,72
12886.0,86
12888.0,7
12890.0,82
12891.0,3
12893.0,34
12895.0,24
12897.0,4
12901.0,125
12902.0,10
12904.0,72
12906.0,63
12908.0,4
12909.0,96
12910.0,75
12912.0,24
12913.0,50
12915.0,22
12916.0,109
12917.0,2
12919.0,52
12920.0,28
12921.0,741
12922.0,28
12923.0,29
12924.0,31
12925.0,45
12928.0,84
12929.0,9
12930.0,27
12931.0,102
12933.0,107
12935.0,130
12936.0,63
12937.0,120
12938.0,9
12939.0,47
12940.0,103
12942.0,75
12943.0,1
12944.0,30
12945.0,23
12947.0,103
12948.0,118
12949.0,219
12950.0,23
12951.0,65
12952.0,80
12953.0,17
12955.0,183
12956.0,19
12957.0,244
12962.0,16
12963.0,96
12965.0,109
12966.0,10
12967.0,33
12968.0,5
12970.0,151
12971.0,308
12974.0,8
12976.0,22
12977.0,9
12980.0,24
12981.0,20
12982.0,34
12984.0,4
12985.0,78
12987.0,30
12988.0,92
12989.0,68
12990.0,13
12991.0,31
12993.0,27
12994.0,73
12995.0,5
12997.0,67
12999.0,28
13000.0,31
13001.0,342
13002.0,7
13003.0,6
13004.0,409
13005.0,29
13006.0,4
13008.0,15
13011.0,3
13012.0,107
13013.0,222
13014.0,124
13015.0,176
13016.0,47
13017.0,1
13018.0,459
13021.0,134
13023.0,40
13026.0,43
13027.0,26
13028.0,47
13029.0,10
13030.0,99
13032.0,75
13033.0,11
13034.0,37
13035.0,30
13037.0,48
13038.0,28
13040.0,43
13043.0,14
13044.0,33
13045.0,18
13046.0,35
13047.0,196
13048.0,137
13049.0,14
13050.0,422
13052.0,18
13055.0,78
13058.0,8
13059.0,8
13060.0,15
13061.0,10
13062.0,11
13064.0,69
13065.0,14
13066.0,49
13067.0,15
13068.0,2
13069.0,470
13070.0,9
13072.0,7
13075.0,22
13077.0,112
13078.0,380
13079.0,6
13080.0,6
13081.0,1061
13082.0,75
13083.0,18
13085.0,29
13089.0,1857
13090.0,161
13091.0,24
13092.0,26
13093.0,170
13094.0,30
13095.0,6
13097.0,437
13098.0,605
13099.0,1
13101.0,8
13102.0,310
13103.0,8
13104.0,20
13106.0,2
13107.0,60
13108.0,10
13109.0,50
13110.0,146
13113.0,280
13115.0,132
13116.0,31
13117.0,76
13118.0,82
13120.0,1
13121.0,53
13122.0,55
13124.0,235
13126.0,142
13127.0,15
13130.0,2
13131.0,46
13132.0,3
13133.0,7
13134.0,105
13135.0,1
13136.0,139
13137.0,705
13138.0,63
13139.0,174
13140.0,46
13141.0,136
13142.0,23
13144.0,3
13145.0,7
13146.0,17
13147.0,4
13148.0,347
13149.0,86
13151.0,75
13153.0,15
13154.0,1
13155.0,85
13157.0,89
13158.0,79
13159.0,122
13160.0,4
13161.0,8
13162.0,82
13165.0,42
13166.0,42
13167.0,65
13168.0,133
13169.0,13
13170.0,32
13171.0,48
13173.0,43
13174.0,314
13176.0,72
13177.0,17
13178.0,265
13182.0,11
13183.0,94
13184.0,183
13185.0,1
13186.0,84
13187.0,37
13188.0,2
13189.0,29
13192.0,63
13193.0,29
13194.0,3
13196.0,110
13198.0,229
13199.0,120
13200.0,46
13203.0,57
13207.0,8
13208.0,150
13209.0,329
13210.0,22
13211.0,56
13212.0,143
13213.0,92
13216.0,5
13217.0,7
13218.0,5
13220.0,21
13221.0,66
13223.0,5
13224.0,109
13225.0,34
13226.0,16
13227.0,9
13228.0,2
13229.0,10
13230.0,612
13232.0,207
13233.0,43
13235.0,59
13236.0,39
13238.0,32
13239.0,22
13240.0,67
13242.0,13
13243.0,58
13244.0,27
13245.0,16
13246.0,143
13247.0,25
13248.0,26
13249.0,23
13253.0,36
13255.0,14
13256.0,1
13258.0,38
13259.0,87
13260.0,8
13261.0,9
13262.0,11
13263.0,1677
13265.0,91
13266.0,202
13267.0,224
13268.0,447
13269.0,320
13270.0,1
13271.0,101
13272.0,15
13273.0,16
13276.0,30
13277.0,8
13278.0,46
13279.0,11
13280.0,85
13282.0,40
13283.0,7
13284.0,14
13285.0,187
13291.0,42
13292.0,31
13294.0,54
13295.0,11
13296.0,5
13297.0,59
13298.0,2
13299.0,5
13300.0,22
13301.0,81
13302.0,1
13304.0,21
13305.0,81
13307.0,1
13308.0,57
13309.0,107
13310.0,77
13311.0,26
13313.0,78
13314.0,75
13316.0,88
13317.0,135
13318.0,20
13319.0,500
13320.0,110
13321.0,11
13322.0,25
13323.0,21
13324.0,77
13325.0,12
13327.0,109
13328.0,17
13329.0,19
13330.0,53
13332.0,21
13334.0,268
13336.0,51
13338.0,24
13339.0,54
13340.0,134
13341.0,42
13343.0,22
13344.0,119
13345.0,22
13347.0,8
13348.0,14
13349.0,16
13350.0,43
13351.0,16
13352.0,27
13354.0,51
13355.0,32
13356.0,42
13357.0,90
13358.0,29
13359.0,24
13362.0,169
13363.0,60
13364.0,20
13365.0,132
13366.0,1
13368.0,29
13369.0,19
13370.0,44
13372.0,23
13373.0,158
13375.0,38
13376.0,53
13379.0,97
13381.0,173
13382.0,15
13384.0,155
13385.0,35
13388.0,36
13389.0,51
13390.0,13
13391.0,1
13394.0,164
13395.0,21
13396.0,47
13397.0,39
13398.0,26
13402.0,39
13403.0,3
13404.0,11
13405.0,27
13408.0,501
13410.0,30
13411.0,18
13414.0,24
13416.0,19
13417.0,28
13418.0,314
13419.0,16
13420.0,10
13421.0,105
13422.0,128
13425.0,78
13426.0,159
13427.0,29
13428.0,74
13429.0,67
13430.0,54
13431.0,46
13434.0,10
13435.0,103
13436.0,12
13437.0,167
13439.0,54
13441.0,13
13447.0,62
13448.0,199
13449.0,19
13450.0,71
13451.0,444
13452.0,2
13453.0,17
13455.0,53
13456.0,65
13458.0,394
13460.0,17
13461.0,27
13462.0,10
13464.0,41
13466.0,18
13467.0,99
13468.0,306
13470.0,10
13471.0,260
13473.0,22
13474.0,64
13475.0,86
13476.0,61
13477.0,81
13479.0,16
13481.0,112
13482.0,11
13483.0,10
13484.0,8
13485.0,23
13486.0,69
13487.0,34
13488.0,427
13489.0,14
13491.0,86
13492.0,50
13493.0,8
13494.0,18
13495.0,52
13496.0,36
13497.0,20
13499.0,45
13500.0,67
13501.0,53
13502.0,18
13503.0,17
13504.0,22
13505.0,227
13506.0,29
13507.0,162
13508.0,12
13509.0,44
13510.0,117
13512.0,15
13513.0,10
13514.0,4
13515.0,59
13516.0,44
13517.0,143
13518.0,38
13519.0,9
13520.0,95
13521.0,436
13522.0,5
13523.0,177
13524.0,27
13525.0,6
13527.0,224
13529.0,15
13531.0,22
13532.0,66
13533.0,76
13534.0,342
13536.0,179
13538.0,25
13539.0,38
13544.0,87
13546.0,98
13548.0,124
13549.0,52
13551.0,4
13552.0,121
13555.0,136
13557.0,34
13558.0,175
13560.0,33
13561.0,14
13562.0,82
13563.0,49
13564.0,85
13565.0,38
13566.0,176
13568.0,44
13569.0,85
13570.0,27
13571.0,341
13572.0,33
13573.0,26
13575.0,46
13576.0,130
13577.0,85
13579.0,23
13581.0,10
13583.0,53
13584.0,24
13587.0,11
13588.0,180
13589.0,21
13590.0,89
13591.0,58
13592.0,16
13593.0,129
13594.0,26
13596.0,166
13598.0,41
13599.0,264
13600.0,19
13601.0,99
13602.0,23
13603.0,27
13606.0,43
13607.0,98
13610.0,228
13611.0,76
13614.0,201
13615.0,24
13617.0,44
13618.0,13
13621.0,19
13623.0,86
13626.0,19
13627.0,94
13629.0,59
13630.0,80
13631.0,12
13632.0,147
13634.0,188
13635.0,62
13636.0,64
13637.0,101
13638.0,8
13639.0,40
13642.0,66
13643.0,28
13644.0,148
13645.0,5
13647.0,80
13649.0,23
13650.0,98
13651.0,6
13652.0,63
13654.0,166
13655.0,56
13656.0,49
13657.0,16
13658.0,112
13659.0,108
13662.0,58
13663.0,13
13666.0,12
13667.0,87
13668.0,501
13669.0,9
13670.0,25
13672.0,16
13673.0,65
13675.0,25
13678.0,16
13680.0,216
13681.0,57
13682.0,3
13684.0,31
13685.0,39
13686.0,8
13689.0,6
13690.0,9
13692.0,55
13693.0,4
13694.0,585
13695.0,90
13697.0,12
13699.0,14
13700.0,197
13703.0,1
13704.0,135
13705.0,28
13706.0,20
13707.0,48
13708.0,51
13709.0,346
13710.0,8
13711.0,13
13712.0,10
13715.0,108
13716.0,21
13717.0,103
13718.0,12
13719.0,60
13720.0,43
13721.0,28
13722.0,86
13723.0,6
13725.0,118
13726.0,42
13727.0,20
13728.0,63
13730.0,43
13731.0,38
13732.0,33
13735.0,208
13736.0,194
13737.0,30
13739.0,3
13740.0,23
13741.0,35
13742.0,323
13743.0,42
13744.0,72
13745.0,26
13747.0,1
13748.0,28
13750.0,24
13751.0,9
13752.0,76
13753.0,35
13754.0,12
13755.0,343
13756.0,143
13758.0,117
13759.0,25
13760.0,57
13761.0,70
13762.0,14
13763.0,17
13764.0,208
13767.0,399
13769.0,143
13771.0,120
13772.0,177
13774.0,22
13777.0,219
13778.0,9
13780.0,57
13781.0,17
13782.0,115
13784.0,31
13786.0,7
13787.0,31
13790.0,45
13791.0,17
13792.0,13
13798.0,439
13799.0,39
13800.0,33
13801.0,23
13802.0,66
13803.0,17
13804.0,137
13805.0,13
13806.0,10
13807.0,7
13808.0,76
13809.0,12
13810.0,36
13811.0,14
13812.0,36
13813.0,71
13814.0,58
13815.0,177
13816.0,33
13817.0,24
13819.0,36
13821.0,59
13822.0,96
13823.0,40
13824.0,46
13826.0,12
13827.0,93
13828.0,15
13829.0,1
13831.0,74
13832.0,4
13833.0,29
13835.0,55
13837.0,19
13838.0,174
13841.0,1
13842.0,206
13844.0,20
13845.0,9
13846.0,58
13848.0,5
13849.0,101
13850.0,94
13851.0,81
13853.0,24
13854.0,114
13856.0,17
13858.0,11
13859.0,28
13860.0,77
13862.0,142
13863.0,22
13865.0,30
13866.0,7
13867.0,61
13868.0,33
13869.0,307
13870.0,118
13871.0,338
13873.0,24
13874.0,18
13875.0,104
13876.0,7
13877.0,3
13878.0,36
13880.0,165
13881.0,180
13882.0,66
13883.0,155
13884.0,60
13885.0,28
13886.0,16
13887.0,19
13888.0,40
13889.0,15
13890.0,114
13892.0,27
13893.0,21
13894.0,30
13895.0,119
13897.0,17
13898.0,12
13899.0,19
13900.0,43
13901.0,149
13904.0,26
13908.0,126
13911.0,148
13914.0,34
13917.0,18
13918.0,30
13919.0,33
13922.0,7
13923.0,20
13924.0,137
13925.0,45
13926.0,11
13927.0,21
13928.0,27
13929.0,10
13930.0,17
13931.0,59
13932.0,16
13933.0,23
13934.0,31
13936.0,27
13937.0,9
13938.0,7
13939.0,46
13940.0,49
13941.0,47
13946.0,11
13947.0,5
13948.0,3
13949.0,160
13950.0,36
13951.0,39
13952.0,138
13953.0,20
13954.0,30
13955.0,33
13956.0,152
13958.0,5
13959.0,92
13960.0,12
13962.0,11
13963.0,35
13967.0,2
13969.0,633
13971.0,158
13972.0,15
13973.0,11
13974.0,28
13975.0,340
13976.0,10
13978.0,15
13979.0,54
13980.0,11
13982.0,115
13983.0,112
13984.0,17
13985.0,353
13986.0,13
13988.0,239
13989.0,41
13990.0,16
13991.0,86
13992.0,5
13993.0,125
13994.0,155
13995.0,87
13999.0,212
14000.0,16
14001.0,40
14002.0,47
14004.0,171
14005.0,84
14006.0,30
14009.0,44
14012.0,11
14013.0,34
14014.0,39
14015.0,20
14016.0,162
14019.0,68
14020.0,39
14021.0,22
14022.0,28
14023.0,31
14024.0,16
14027.0,6
14029.0,15
14030.0,243
14031.0,258
14032.0,152
14034.0,92
14035.0,66
14036.0,38
14037.0,28
14038.0,93
14039.0,6
14040.0,241
14041.0,21
14044.0,209
14045.0,6
14046.0,14
14047.0,34
14048.0,88
14049.0,505
14050.0,54
14051.0,215
14052.0,56
14053.0,4
14054.0,6
14055.0,10
14056.0,1128
14057.0,291
14059.0,8
14060.0,203
14062.0,111
14064.0,82
14066.0,7
14067.0,52
14068.0,24
14071.0,333
14073.0,14
14075.0,43
14076.0,46
14077.0,42
14078.0,65
14079.0,12
14080.0,4
14081.0,156
14082.0,29
14083.0,181
14085.0,451
14087.0,70
14088.0,590
14089.0,14
14090.0,1
14092.0,217
14093.0,105
14096.0,5128
14098.0,21
14099.0,252
14100.0,26
14101.0,35
14102.0,84
14104.0,21
14105.0,76
14107.0,124
14108.0,35
14109.0,14
14110.0,157
14111.0,11
14112.0,173
14113.0,40
14114.0,15
14116.0,72
14117.0,3
14119.0,1
14121.0,161
14124.0,5
14125.0,167
14126.0,16
14127.0,44
14128.0,46
14129.0,52
14130.0,67
14132.0,201
14133.0,30
14135.0,134
14138.0,47
14139.0,26
14140.0,67
14141.0,46
14142.0,22
14143.0,7
14145.0,12
14146.0,245
14147.0,6
14148.0,3
14149.0,40
14150.0,26
14152.0,50
14154.0,52
14155.0,6
14156.0,1420
14157.0,49
14158.0,41
14159.0,1212
14161.0,108
14162.0,25
14163.0,52
14164.0,29
14165.0,25
14167.0,52
14171.0,58
14173.0,29
14174.0,26
14175.0,164
14176.0,32
14177.0,43
14178.0,327
14179.0,165
14180.0,248
14184.0,24
14185.0,3
14188.0,71
14189.0,277
14191.0,263
14193.0,42
14194.0,604
14195.0,8
14196.0,6
14198.0,44
14199.0,2
14201.0,39
14204.0,44
14205.0,39
14206.0,21
14208.0,10
14209.0,88
14210.0,103
14211.0,118
14212.0,9
14213.0,5
14214.0,70
14215.0,109
14216.0,59
14217.0,107
14218.0,12
14219.0,7
14220.0,21
14221.0,194
14222.0,41
14223.0,61
14224.0,118
14226.0,73
14227.0,183
14229.0,43
14231.0,54
14232.0,118
14233.0,36
14234.0,159
14235.0,80
14236.0,15
14237.0,9
14238.0,8
14239.0,116
14240.0,42
14241.0,10
14242.0,16
14243.0,148
14245.0,112
14246.0,75
14247.0,20
14248.0,8
14250.0,111
14251.0,78
14256.0,54
14257.0,107
14258.0,112
14259.0,5
14261.0,52
14262.0,143
14264.0,19
14265.0,31
14267.0,66
14270.0,29
14271.0,10
14272.0,33
14273.0,29
14276.0,75
14277.0,228
14280.0,8
14282.0,156
14284.0,34
14285.0,27
14286.0,285
14287.0,11
14288.0,17
14289.0,47
14290.0,103
14291.0,238
14292.0,108
14293.0,61
14295.0,7
14297.0,64
14298.0,1640
14299.0,162
14300.0,3
14301.0,16
14304.0,27
14305.0,110
14306.0,35
14307.0,180
14309.0,123
14311.0,27
14312.0,87
14314.0,8
14315.0,104
14317.0,24
14320.0,42
14321.0,123
14323.0,41
14326.0,9
14327.0,12
14329.0,269
14331.0,28
14332.0,26
14333.0,19
14334.0,163
14335.0,63
14336.0,90
14338.0,34
14339.0,18
14340.0,6
14341.0,130
14342.0,24
14344.0,71
14345.0,6
14346.0,60
14348.0,18
14349.0,31
14350.0,21
14351.0,1
14352.0,47
14353.0,6
14354.0,9
14355.0,11
14356.0,38
14357.0,41
14359.0,58
14360.0,118
14362.0,41
14364.0,69
14367.0,533
14368.0,8
14371.0,4
14373.0,4
14375.0,75
14377.0,11
14379.0,46
14381.0,56
14382.0,131
14383.0,59
14385.0,14
14386.0,7
14387.0,140
14388.0,191
14389.0,62
14390.0,291
14393.0,5
14395.0,353
14396.0,73
14397.0,95
14400.0,26
14401.0,183
14403.0,26
14404.0,104
14406.0,8
14407.0,76
14408.0,107
14409.0,55
14410.0,287
14411.0,14
14412.0,45
14413.0,23
14414.0,98
14415.0,612
14416.0,14
14418.0,124
14419.0,206
14420.0,30
14421.0,27
14422.0,222
14423.0,3
14424.0,1
14426.0,264
14427.0,17
14428.0,148
14431.0,22
14432.0,382
14434.0,12
14436.0,9
14437.0,6
14438.0,9
14439.0,32
14440.0,55
14441.0,59
14442.0,68
14443.0,98
14446.0,293
14447.0,70
14448.0,20
14449.0,258
14450.0,40
14451.0,109
14452.0,62
14453.0,22
14456.0,977
14457.0,4
14459.0,37
14460.0,17
14461.0,180
14462.0,246
14463.0,6
14465.0,130
14466.0,72
14467.0,90
14470.0,43
14472.0,281
14473.0,7
14474.0,30
14475.0,47
14476.0,19
14477.0,11
14479.0,18
14480.0,13
14481.0,30
14482.0,144
14483.0,10
14484.0,14
14485.0,47
14487.0,145
14488.0,49
14489.0,30
14491.0,17
14493.0,123
14494.0,7
14495.0,6
14496.0,19
14497.0,31
14498.0,193
14499.0,194
14500.0,7
14501.0,12
14502.0,631
14503.0,164
14504.0,107
14505.0,803
14506.0,316
14507.0,98
14508.0,57
14511.0,71
14512.0,23
14513.0,18
14514.0,73
14515.0,101
14517.0,18
14518.0,16
14520.0,4
14522.0,17
14523.0,12
14524.0,203
14525.0,298
14527.0,1011
14528.0,18
14529.0,229
14530.0,216
14532.0,64
14533.0,65
14534.0,558
14535.0,333
14536.0,19
14537.0,10
14538.0,19
14539.0,32
14540.0,76
14541.0,111
14542.0,5
14543.0,107
14544.0,114
14546.0,417
14547.0,367
14548.0,4
14549.0,56
14550.0,48
14551.0,10
14552.0,58
14553.0,113
14554.0,216
14555.0,21
14557.0,32
14560.0,76
14561.0,69
14562.0,446
14565.0,129
14566.0,4
14567.0,34
14569.0,12
14570.0,29
14572.0,273
14573.0,241
14576.0,1
14577.0,123
14578.0,24
14581.0,17
14582.0,6
14583.0,330
14584.0,101
14585.0,29
14586.0,27
14587.0,384
14589.0,3
14591.0,197
14592.0,164
14593.0,152
14594.0,53
14595.0,102
14597.0,55
14598.0,50
14600.0,25
14601.0,7
14603.0,2
14606.0,2782
14607.0,114
14608.0,20
14609.0,4
14616.0,3
14618.0,17
14619.0,22
14620.0,30
14621.0,96
14622.0,21
14623.0,135
14624.0,13
14625.0,57
14626.0,126
14627.0,5
14628.0,24
14629.0,153
14631.0,41
14632.0,8
14633.0,20
14636.0,28
14638.0,16
14639.0,175
14640.0,113
14641.0,7
14642.0,2
14643.0,34
14644.0,29
14645.0,30
14646.0,2085
14647.0,30
14649.0,199
14651.0,102
14652.0,29
14653.0,237
14655.0,50
14656.0,80
14657.0,127
14658.0,29
14659.0,259
14660.0,30
14661.0,4
14662.0,168
14664.0,99
14665.0,117
14666.0,14
14667.0,576
14669.0,170
14670.0,132
14672.0,61
14673.0,74
14675.0,102
14676.0,44
14679.0,1
14680.0,320
14681.0,7
14682.0,2
14684.0,421
14687.0,15
14688.0,359
14689.0,13
14690.0,54
14691.0,71
14692.0,69
14693.0,8
14696.0,133
14697.0,22
14698.0,210
14699.0,8
14700.0,115
14701.0,350
14702.0,348
14703.0,22
14704.0,415
14705.0,1
14708.0,29
14709.0,197
14710.0,139
14711.0,359
14712.0,25
14713.0,341
14714.0,10
14715.0,71
14716.0,55
14719.0,238
14720.0,37
14722.0,29
14723.0,278
14725.0,52
14727.0,10
14729.0,71
14730.0,501
14731.0,45
14732.0,149
14733.0,216
14735.0,205
14737.0,17
14738.0,56
14739.0,61
14740.0,93
14741.0,59
14744.0,28
14745.0,70
14747.0,19
14748.0,92
14752.0,5
14753.0,30
14754.0,41
14755.0,237
14756.0,38
14757.0,19
14758.0,71
14759.0,102
14760.0,7
14761.0,11
14762.0,21
14764.0,7
14765.0,39
14766.0,137
14768.0,6
14769.0,1094
14770.0,52
14772.0,9
14775.0,60
14776.0,134
14777.0,3
14778.0,35
14779.0,41
14780.0,27
14782.0,6
14784.0,15
14785.0,3
14788.0,30
14789.0,6
14790.0,46
14792.0,4
14793.0,15
14794.0,82
14795.0,6
14796.0,1165
14798.0,12
14799.0,13
14800.0,392
14801.0,59
14803.0,44
14804.0,12
14805.0,47
14806.0,11
14808.0,256
14810.0,255
14813.0,30
14815.0,53
14816.0,4
14817.0,63
14818.0,48
14819.0,13
14820.0,29
14821.0,2
14823.0,70
14824.0,29
14825.0,121
14828.0,17
14829.0,45
14830.0,40
14834.0,70
14836.0,6
14837.0,110
14840.0,4
14841.0,138
14842.0,158
14844.0,130
14847.0,13
14849.0,392
14850.0,22
14851.0,28
14852.0,143
14853.0,10
14854.0,131
14855.0,20
14856.0,66
14857.0,61
14859.0,59
14860.0,12
14861.0,6
14862.0,48
14863.0,11
14865.0,4
14866.0,103
14867.0,37
14868.0,147
14869.0,72
14870.0,13
14871.0,98
14873.0,28
14875.0,50
14878.0,124
14880.0,47
14881.0,17
14882.0,11
14883.0,54
14885.0,15
14886.0,18
14887.0,6
14888.0,20
14889.0,10
14890.0,7
14891.0,33
14893.0,73
14894.0,23
14895.0,506
14896.0,43
14897.0,55
14898.0,119
14901.0,98
14902.0,24
14903.0,364
14904.0,69
14905.0,18
14907.0,168
14908.0,9
14910.0,35
14911.0,5903
14912.0,28
14913.0,87
14915.0,13
14916.0,79
14918.0,45
14920.0,57
14921.0,78
14923.0,44
14924.0,10
14929.0,11
14930.0,128
14931.0,42
14932.0,17
14934.0,88
14935.0,10
14936.0,366
14937.0,35
14944.0,172
14946.0,3
14947.0,14
14948.0,64
14950.0,20
14951.0,20
14952.0,149
14953.0,55
14954.0,85
14957.0,12
14958.0,42
14959.0,61
14960.0,27
14961.0,317
14962.0,5
14963.0,198
14964.0,13
14965.0,83
14966.0,38
14967.0,6
14968.0,37
14970.0,34
14971.0,160
14972.0,18
14973.0,32
14974.0,21
14975.0,11
14976.0,73
14978.0,216
14981.0,8
14984.0,41
14985.0,87
14987.0,4
14988.0,40
14995.0,61
14997.0,27
14998.0,75
15000.0,77
15002.0,115
15004.0,158
15005.0,1160
15006.0,144
15007.0,12
15009.0,182
15010.0,20
15012.0,128
15014.0,35
15016.0,20
15017.0,20
15018.0,32
15019.0,70
15021.0,479
15022.0,135
15023.0,563
15024.0,155
15025.0,72
15026.0,61
15027.0,37
15028.0,48
15030.0,7
15031.0,111
15032.0,55
15033.0,513
15034.0,400
15035.0,27
15036.0,127
15038.0,133
15039.0,1508
15041.0,67
15042.0,5
15043.0,3
15044.0,461
15045.0,13
15046.0,207
15047.0,22
15048.0,98
15049.0,3
15050.0,80
15051.0,143
15052.0,30
15053.0,71
15054.0,114
15057.0,25
15058.0,276
15059.0,239
15060.0,121
15061.0,410
15062.0,57
15063.0,5
15065.0,158
15066.0,53
15067.0,82
15068.0,104
15069.0,70
15070.0,1
15071.0,26
15073.0,76
15074.0,42
15075.0,27
15076.0,49
15078.0,451
15079.0,48
15081.0,35
15083.0,5
15087.0,15
15088.0,60
15089.0,145
15090.0,23
15091.0,31
15092.0,26
15093.0,112
15095.0,49
15096.0,11
15097.0,25
15098.0,5
15099.0,23
15100.0,6
15101.0,9
15103.0,35
15104.0,71
15105.0,101
15106.0,102
15107.0,20
15108.0,61
15109.0,31
15110.0,40
15111.0,84
15113.0,101
15114.0,197
15115.0,21
15116.0,45
15117.0,80
15118.0,1
15119.0,14
15120.0,22
15121.0,28
15122.0,87
15123.0,106
15124.0,15
15125.0,140
15127.0,16
15128.0,111
15129.0,84
15130.0,22
15132.0,52
15133.0,29
15134.0,73
15135.0,10
15136.0,69
15139.0,13
15140.0,81
15142.0,26
15143.0,14
15144.0,218
15145.0,67
15146.0,95
15147.0,29
15148.0,20
15149.0,23
15150.0,344
15152.0,278
15153.0,22
15154.0,92
15156.0,55
15157.0,133
15158.0,7
15159.0,720
15160.0,4
15163.0,29
15164.0,103
15165.0,27
15167.0,41
15168.0,5
15171.0,7
15172.0,110
15174.0,11
15175.0,23
15178.0,3
15179.0,95
15180.0,6
15181.0,18
15182.0,29
15184.0,63
15185.0,21
15186.0,19
15187.0,93
15189.0,232
15192.0,51
15193.0,19
15194.0,326
15195.0,1
15197.0,36
15198.0,10
15199.0,13
15201.0,97
15203.0,142
15204.0,9
15205.0,38
15206.0,9
15208.0,43
15210.0,20
15211.0,52
15212.0,7
15213.0,25
15214.0,110
15215.0,43
15216.0,2
15218.0,166
15219.0,9
15220.0,119
15221.0,11
15222.0,5
15223.0,32
15224.0,16
15225.0,23
15226.0,8
15227.0,58
15228.0,126
15230.0,23
15232.0,31
15234.0,14
15235.0,143
15236.0,15
15237.0,99
15238.0,52
15239.0,52
15240.0,83
15241.0,111
15243.0,22
15244.0,34
15245.0,89
15246.0,33
15247.0,6
15249.0,358
15251.0,121
15252.0,44
15253.0,55
15254.0,18
15255.0,47
15256.0,6
15257.0,8
15258.0,34
15260.0,78
15261.0,19
15262.0,10
15263.0,12
15264.0,23
15265.0,82
15266.0,6
15267.0,11
15269.0,2
15270.0,48
15271.0,275
15272.0,63
15274.0,47
15275.0,42
15276.0,52
15277.0,12
15279.0,21
15280.0,16
15281.0,150
15286.0,3
15287.0,21
15288.0,88
15289.0,59
15290.0,212
15291.0,109
15292.0,25
15296.0,200
15297.0,41
15298.0,194
15299.0,12
15300.0,28
15301.0,247
15303.0,31
15304.0,26
15306.0,58
15307.0,12
15308.0,21
15311.0,2491
15312.0,48
15313.0,1
15314.0,24
15315.0,38
15316.0,1
15318.0,33
15319.0,16
15320.0,36
15321.0,106
15322.0,49
15325.0,49
15326.0,29
15327.0,10
15329.0,62
15330.0,13
15332.0,35
15333.0,16
15334.0,99
15335.0,36
15339.0,88
15341.0,17
15342.0,26
15343.0,21
15344.0,32
15345.0,23
15346.0,17
15347.0,5
15348.0,9
15349.0,72
15350.0,5
15351.0,233
15353.0,63
15355.0,14
15356.0,519
15358.0,561
15360.0,13
15361.0,7
15363.0,17
15364.0,29
15365.0,151
15366.0,44
15367.0,96
15368.0,4
15369.0,1
15370.0,95
15372.0,27
15373.0,137
15374.0,3
15376.0,117
15379.0,196
15380.0,37
15381.0,8
15382.0,306
15384.0,43
15385.0,12
15386.0,31
15388.0,10
15389.0,1
15392.0,85
15393.0,12
15394.0,85
15395.0,7
15396.0,14
15397.0,6
15398.0,74
15399.0,50
15400.0,13
15402.0,42
15405.0,8
15406.0,58
15407.0,153
15408.0,34
15410.0,122
15411.0,100
15412.0,10
15414.0,39
15415.0,48
15416.0,193
15417.0,28
15419.0,8
15421.0,53
15422.0,6
15423.0,2
15424.0,17
15426.0,300
15427.0,306
15428.0,6
15429.0,83
15432.0,10
15433.0,53
15434.0,59
15435.0,29
15436.0,329
15437.0,45
15438.0,25
15440.0,62
15442.0,2
15443.0,385
15444.0,219
15445.0,5
15447.0,9
15448.0,28
15449.0,62
15450.0,30
15452.0,58
15453.0,286
15454.0,25
15456.0,60
15457.0,58
15458.0,7
15460.0,58
15462.0,11
15463.0,7
15464.0,157
15465.0,104
15466.0,57
15467.0,53
15468.0,29
15469.0,27
15471.0,77
15472.0,76
15473.0,14
15475.0,29
15478.0,46
15480.0,45
15482.0,127
15483.0,88
15484.0,189
15485.0,86
15488.0,2
15489.0,55
15491.0,155
15492.0,35
15493.0,299
15494.0,125
15497.0,16
15498.0,523
15500.0,68
15502.0,252
15503.0,70
15504.0,13
15505.0,99
15506.0,164
15507.0,46
15508.0,92
15510.0,1
15511.0,160
15512.0,7
15513.0,314
15514.0,218
15516.0,15
15517.0,27
15518.0,220
15520.0,18
15521.0,200
15522.0,57
15523.0,10
15524.0,1
15525.0,180
15526.0,4
15527.0,166
15528.0,26
15529.0,674
15530.0,108
15531.0,228
15532.0,263
15533.0,86
15535.0,78
15537.0,24
15539.0,41
15540.0,15
15541.0,29
15543.0,28
15544.0,261
15545.0,81
15547.0,702
15549.0,116
15550.0,61
15551.0,29
15552.0,17
15553.0,56
15554.0,14
15555.0,925
15556.0,31
15557.0,20
15561.0,31
15562.0,1
15563.0,117
15565.0,8
15567.0,7
15568.0,53
15569.0,31
15570.0,330
15571.0,57
15572.0,215
15573.0,104
15574.0,168
15576.0,45
15577.0,39
15578.0,13
15579.0,51
15581.0,151
15582.0,44
15584.0,125
15585.0,31
15587.0,9
15589.0,30
15590.0,1
15592.0,24
15593.0,5
15594.0,104
15596.0,84
15597.0,23
15598.0,16
15599.0,52
15601.0,414
15602.0,54
15603.0,2
15604.0,17
15605.0,67
15606.0,91
15607.0,13
15608.0,60
15609.0,18
15610.0,6
15611.0,45
15612.0,6
15615.0,429
15618.0,49
15619.0,3
15620.0,104
15621.0,18
15622.0,214
15623.0,19
15624.0,34
15625.0,68
15626.0,49
15628.0,157
15630.0,61
15632.0,177
15634.0,15
15636.0,25
15637.0,15
15638.0,2
15639.0,25
15640.0,495
15641.0,119
15643.0,36
15644.0,238
15645.0,52
15646.0,36
15648.0,28
15649.0,2
15651.0,32
15652.0,21
15653.0,6
15654.0,21
15655.0,37
15656.0,47
15657.0,1
15658.0,56
15659.0,11
15660.0,94
15661.0,5
15663.0,9
15664.0,19
15665.0,116
15667.0,13
15668.0,1
15669.0,35
15670.0,12
15671.0,81
15673.0,155
15674.0,135
15675.0,21
15676.0,216
15677.0,33
15678.0,12
15679.0,110
15680.0,78
15681.0,67
15683.0,10
15687.0,168
15689.0,9
15690.0,19
15691.0,2
15692.0,12
15694.0,79
15695.0,22
15696.0,177
15699.0,18
15700.0,89
15701.0,237
15703.0,5
15704.0,117
15705.0,6
15706.0,59
15707.0,214
15708.0,297
15709.0,6
15712.0,53
15713.0,20
15714.0,35
15716.0,118
15717.0,7
15719.0,938
15720.0,128
15721.0,91
15722.0,72
15723.0,41
15724.0,12
15725.0,32
15727.0,302
15728.0,4
15729.0,6
15730.0,73
15732.0,14
15733.0,10
15734.0,26
15737.0,81
15738.0,176
15739.0,8
15740.0,9
15743.0,88
15744.0,3
15745.0,65
15746.0,29
15747.0,93
15748.0,21
15749.0,15
15750.0,295
15752.0,412
15753.0,1
15754.0,29
15755.0,149
15756.0,192
15757.0,45
15758.0,9
15759.0,7
15762.0,37
15763.0,63
15764.0,188
15766.0,11
15768.0,28
15769.0,147
15773.0,10
15774.0,25
15775.0,7
15776.0,18
15777.0,22
15780.0,29
15781.0,21
15782.0,44
15783.0,14
15785.0,87
15786.0,280
15787.0,206
15789.0,25
15790.0,35
15791.0,76
15793.0,13
15795.0,42
15796.0,135
15797.0,8
15799.0,98
15800.0,119
15801.0,69
15802.0,3
15803.0,8
15804.0,274
15805.0,307
15806.0,31
15807.0,48
15808.0,210
15809.0,43
15810.0,112
15811.0,139
15812.0,41
15813.0,40
15814.0,74
15815.0,49
15819.0,123
15820.0,17
15821.0,62
15822.0,33
15823.0,17
15825.0,20
15826.0,69
15827.0,134
15829.0,51
15830.0,41
15831.0,69
15832.0,54
15834.0,276
15835.0,50
15836.0,12
15837.0,24
15838.0,169
15839.0,65
15840.0,28
15841.0,50
15843.0,8
15844.0,11
15845.0,140
15847.0,22
15850.0,97
15852.0,22
15853.0,30
15854.0,140
15855.0,80
15856.0,653
15857.0,14
15858.0,191
15860.0,142
15861.0,547
15862.0,147
15863.0,18
15864.0,24
15865.0,40
15866.0,45
15867.0,463
15869.0,15
15870.0,76
15872.0,128
15874.0,137
15877.0,131
15880.0,106
15881.0,32
15882.0,24
15883.0,49
15885.0,18
15886.0,12
15888.0,14
15889.0,93
15891.0,62
15894.0,41
15895.0,11
15897.0,24
15898.0,87
15899.0,4
15900.0,51
15901.0,116
15903.0,75
15904.0,30
15906.0,151
15907.0,249
15909.0,7
15910.0,267
15912.0,19
15916.0,160
15917.0,12
15918.0,40
15919.0,143
15920.0,60
15921.0,25
15922.0,12
15923.0,21
15925.0,12
15930.0,21
15932.0,119
15933.0,74
15935.0,12
15937.0,7
15938.0,18
15939.0,77
15940.0,2
15942.0,14
15944.0,6
15945.0,2
15947.0,29
15948.0,60
15949.0,19
15950.0,103
15951.0,43
15952.0,91
15953.0,103
15955.0,185
15957.0,42
15958.0,7
15963.0,28
15965.0,122
15967.0,84
15969.0,21
15970.0,11
15971.0,35
15973.0,6
15974.0,177
15975.0,24
15976.0,98
15977.0,65
15978.0,49
15980.0,43
15981.0,97
15983.0,113
15984.0,275
15985.0,38
15986.0,14
15987.0,140
15988.0,27
15990.0,52
15992.0,3
15993.0,560
15994.0,35
15996.0,131
15998.0,509
16000.0,9
16003.0,103
16005.0,218
16006.0,8
16007.0,385
16008.0,33
16009.0,90
16010.0,86
16011.0,212
16012.0,94
16013.0,151
16014.0,148
16015.0,184
16016.0,237
16017.0,32
16018.0,28
16019.0,165
16020.0,46
16022.0,76
16023.0,101
16024.0,64
16025.0,28
16026.0,32
16027.0,17
16029.0,274
16030.0,29
16031.0,100
16033.0,1152
16034.0,22
16036.0,55
16037.0,39
16038.0,28
16040.0,65
16041.0,6
16042.0,75
16043.0,39
16045.0,83
16048.0,9
16049.0,312
16050.0,10
16052.0,34
16053.0,84
16054.0,70
16055.0,8
16056.0,68
16057.0,134
16059.0,180
16061.0,1
16062.0,64
16063.0,23
16065.0,74
16066.0,102
16070.0,33
16071.0,21
16072.0,23
16073.0,2
16076.0,131
16078.0,1
16079.0,21
16080.0,11
16081.0,227
16083.0,31
16084.0,38
16085.0,167
16086.0,40
16091.0,18
16092.0,53
16093.0,1
16094.0,67
16096.0,12
16097.0,10
16098.0,67
16099.0,39
16101.0,83
16102.0,57
16103.0,48
16104.0,29
16105.0,13
16106.0,6
16107.0,31
16108.0,49
16109.0,18
16110.0,354
16112.0,16
16113.0,30
16114.0,8
16115.0,284
16116.0,35
16117.0,30
16119.0,16
16120.0,32
16121.0,212
16122.0,38
16123.0,16
16124.0,16
16125.0,13
16126.0,117
16127.0,40
16128.0,89
16131.0,78
16133.0,365
16134.0,38
16135.0,21
16136.0,37
16138.0,1
16139.0,31
16140.0,37
16141.0,30
16142.0,37
16143.0,118
16144.0,1
16145.0,237
16146.0,29
16147.0,22
16148.0,1
16149.0,18
16150.0,136
16152.0,29
16153.0,89
16156.0,139
16157.0,19
16159.0,14
16160.0,22
16161.0,502
16162.0,2
16163.0,7
16164.0,35
16168.0,99
16169.0,85
16170.0,127
16171.0,3
16172.0,69
16173.0,87
16174.0,23
16175.0,58
16177.0,15
16178.0,8
16179.0,11
16180.0,176
16181.0,11
16182.0,28
16183.0,15
16184.0,46
16185.0,31
16186.0,219
16187.0,297
16188.0,67
16189.0,11
16190.0,6
16191.0,151
16193.0,19
16198.0,15
16200.0,179
16201.0,115
16202.0,18
16203.0,36
16204.0,57
16205.0,98
16206.0,63
16207.0,19
16208.0,66
16209.0,46
16210.0,123
16211.0,24
16212.0,43
16213.0,6
16214.0,44
16215.0,14
16216.0,37
16217.0,19
16218.0,90
16221.0,97
16222.0,137
16224.0,96
16225.0,134
16226.0,8
16227.0,7
16229.0,47
16230.0,35
16232.0,38
16233.0,25
16235.0,48
16236.0,20
16239.0,21
16240.0,142
16241.0,662
16242.0,295
16243.0,51
16244.0,91
16245.0,93
16247.0,16
16248.0,7
16249.0,69
16250.0,24
16252.0,21
16253.0,124
16255.0,274
16256.0,14
16257.0,2
16258.0,135
16260.0,18
16261.0,124
16262.0,3
16265.0,260
16266.0,61
16268.0,45
16270.0,54
16271.0,134
16272.0,25
16274.0,67
16275.0,33
16276.0,6
16278.0,25
16279.0,109
16281.0,17
16282.0,11
16283.0,168
16284.0,109
16287.0,8
16292.0,19
16293.0,120
16295.0,79
16297.0,23
16298.0,27
16302.0,12
16303.0,167
16305.0,22
16306.0,44
16308.0,4
16309.0,44
16311.0,37
16313.0,16
16315.0,14
16316.0,156
16317.0,69
16318.0,19
16319.0,3
16320.0,56
16321.0,16
16322.0,37
16323.0,1
16324.0,118
16325.0,20
16326.0,320
16327.0,319
16330.0,41
16332.0,154
16333.0,45
16337.0,10
16338.0,11
16339.0,20
16340.0,153
16341.0,84
16342.0,15
16343.0,47
16344.0,2
16345.0,38
16347.0,92
16348.0,235
16349.0,9
16350.0,60
16351.0,8
16352.0,28
16353.0,94
16354.0,39
16356.0,32
16357.0,34
16358.0,110
16359.0,70
16360.0,671
16361.0,106
16362.0,90
16363.0,5
16364.0,53
16365.0,51
16366.0,18
16367.0,130
16368.0,76
16369.0,118
16370.0,228
16372.0,97
16374.0,111
16376.0,128
16377.0,5
16378.0,23
16379.0,109
16380.0,32
16383.0,102
16384.0,33
16385.0,59
16386.0,88
16387.0,4
16389.0,35
16392.0,45
16393.0,358
16394.0,100
16395.0,210
16398.0,86
16399.0,73
16400.0,29
16401.0,198
16402.0,60
16403.0,15
16404.0,23
16405.0,5
16406.0,63
16407.0,172
16409.0,232
16411.0,45
16412.0,35
16413.0,31
16414.0,7
16415.0,54
16416.0,73
16418.0,102
16419.0,52
16422.0,399
16423.0,18
16424.0,6
16425.0,21
16426.0,372
16427.0,9
16428.0,1
16429.0,2
16430.0,6
16431.0,83
16432.0,8
16433.0,17
16434.0,109
16438.0,132
16440.0,282
16441.0,24
16442.0,174
16444.0,86
16445.0,63
16446.0,4
16447.0,36
16448.0,20
16449.0,43
16450.0,11
16451.0,14
16454.0,3
16455.0,99
16456.0,111
16457.0,9
16458.0,202
16460.0,135
16461.0,33
16462.0,4
16463.0,85
16464.0,236
16466.0,148
16468.0,2
16469.0,182
16470.0,171
16471.0,13
16473.0,19
16474.0,368
16475.0,28
16477.0,146
16478.0,17
16479.0,35
16480.0,53
16482.0,18
16483.0,19
16484.0,26
16485.0,42
16488.0,31
16491.0,39
16493.0,62
16494.0,50
16495.0,97
16496.0,97
16497.0,136
16498.0,16
16499.0,22
16500.0,11
16503.0,86
16504.0,86
16505.0,4
16506.0,3
16509.0,13
16510.0,13
16511.0,169
16513.0,35
16515.0,113
16516.0,6
16517.0,17
16518.0,42
16519.0,13
16520.0,157
16523.0,298
16525.0,200
16526.0,15
16527.0,14
16528.0,17
16529.0,30
16531.0,77
16532.0,4
16533.0,181
16535.0,31
16536.0,56
16539.0,45
16542.0,5
16545.0,3
16546.0,31
16549.0,981
16550.0,261
16551.0,32
16552.0,17
16553.0,86
16554.0,74
16555.0,17
16556.0,207
16557.0,11
16558.0,474
16560.0,58
16561.0,31
16563.0,19
16565.0,3
16566.0,19
16567.0,35
16569.0,5
16570.0,133
16571.0,106
16572.0,58
16573.0,46
16574.0,28
16579.0,1
16581.0,11
16582.0,6
16583.0,14
16584.0,31
16586.0,8
16587.0,13
16589.0,33
16591.0,10
16592.0,222
16593.0,27
16594.0,53
16595.0,85
16596.0,12
16597.0,7
16598.0,11
16600.0,62
16601.0,31
16602.0,32
16603.0,34
16607.0,174
16609.0,280
16610.0,6
16611.0,11
16612.0,66
16613.0,30
16614.0,26
16616.0,33
16617.0,5
16618.0,97
16619.0,16
16620.0,9
16621.0,29
16623.0,5
16624.0,48
16625.0,23
16626.0,184
16627.0,20
16628.0,119
16629.0,64
16633.0,153
16634.0,9
16637.0,72
16638.0,95
16639.0,52
16641.0,12
16642.0,35
16643.0,27
16644.0,62
16647.0,14
16648.0,21
16650.0,24
16652.0,123
16653.0,76
16654.0,31
16655.0,261
16656.0,80
16657.0,208
16658.0,8
16659.0,2
16660.0,17
16665.0,9
16666.0,32
16667.0,53
16668.0,20
16669.0,161
16670.0,262
16671.0,6
16672.0,117
16674.0,98
16676.0,92
16678.0,170
16679.0,3
16680.0,10
16681.0,44
16682.0,30
16684.0,281
16685.0,62
16686.0,588
16688.0,62
16689.0,16
16690.0,13
16692.0,3
16693.0,60
16696.0,10
16697.0,21
16698.0,5
16700.0,312
16701.0,154
16705.0,284
16706.0,123
16708.0,27
16709.0,79
16710.0,402
16711.0,22
16712.0,447
16713.0,632
16714.0,94
16715.0,19
16716.0,3
16717.0,236
16718.0,45
16719.0,203
16720.0,27
16721.0,37
16722.0,228
16723.0,43
16725.0,152
16726.0,185
16727.0,46
16728.0,269
16729.0,668
16730.0,84
16732.0,28
16734.0,53
16735.0,128
16737.0,1
16738.0,1
16739.0,16
16742.0,4
16743.0,193
16744.0,242
16745.0,358
16746.0,452
16747.0,45
16748.0,69
16750.0,95
16751.0,25
16752.0,9
16753.0,34
16754.0,2
16755.0,176
16756.0,13
16757.0,7
16758.0,22
16759.0,43
16761.0,13
16762.0,89
16763.0,24
16764.0,718
16765.0,1
16766.0,34
16767.0,222
16768.0,58
16769.0,40
16770.0,146
16771.0,255
16773.0,26
16774.0,49
16775.0,158
16776.0,76
16777.0,50
16778.0,16
16779.0,344
16780.0,60
16781.0,19
16782.0,197
16784.0,3
16788.0,155
16789.0,5
16790.0,95
16791.0,322
16792.0,12
16793.0,16
16794.0,287
16795.0,66
16796.0,18
16800.0,164
16801.0,121
16803.0,24
16804.0,60
16805.0,98
16806.0,103
16807.0,67
16808.0,23
16809.0,150
16810.0,16
16811.0,28
16812.0,15
16813.0,449
16814.0,325
16816.0,28
16817.0,95
16818.0,191
16820.0,26
16823.0,38
16824.0,26
16825.0,28
16826.0,22
16828.0,8
16829.0,11
16830.0,23
16832.0,12
16833.0,47
16834.0,24
16835.0,10
16836.0,11
16837.0,166
16838.0,26
16839.0,298
16841.0,117
16842.0,64
16843.0,379
16846.0,11
16847.0,12
16848.0,14
16849.0,8
16850.0,19
16851.0,20
16852.0,9
16855.0,19
16856.0,2
16858.0,13
16859.0,72
16861.0,8
16863.0,28
16866.0,11
16869.0,129
16871.0,139
16872.0,7
16873.0,289
16875.0,123
16877.0,159
16878.0,6
16880.0,178
16881.0,1
16882.0,39
16883.0,38
16884.0,26
16885.0,101
16887.0,37
16889.0,135
16891.0,203
16892.0,101
16893.0,45
16895.0,69
16897.0,44
16898.0,163
16899.0,125
16900.0,82
16902.0,44
16903.0,60
16904.0,710
16905.0,209
16906.0,93
16907.0,151
16909.0,19
16910.0,547
16912.0,105
16913.0,8
16914.0,38
16915.0,57
16916.0,143
16917.0,9
16918.0,130
16919.0,327
16921.0,60
16923.0,696
16924.0,89
16926.0,14
16927.0,6
16928.0,213
16929.0,77
16930.0,54
16931.0,898
16932.0,53
16933.0,49
16934.0,62
16936.0,57
16938.0,242
16940.0,305
16942.0,283
16943.0,33
16945.0,249
16947.0,21
16948.0,19
16949.0,61
16950.0,42
16951.0,87
16952.0,16
16953.0,1
16954.0,54
16955.0,26
16956.0,18
16957.0,16
16959.0,7
16960.0,101
16961.0,14
16963.0,7
16965.0,26
16966.0,31
16967.0,21
16968.0,31
16969.0,42
16971.0,42
16976.0,2
16978.0,39
16979.0,91
16980.0,87
16982.0,22
16983.0,149
16984.0,418
16985.0,121
16986.0,3
16987.0,129
16988.0,7
16989.0,12
16990.0,1
16992.0,95
16995.0,1
16996.0,41
16997.0,12
16998.0,6
16999.0,23
17001.0,169
17002.0,50
17004.0,44
17006.0,44
17007.0,53
17010.0,12
17011.0,15
17014.0,75
17015.0,217
17017.0,268
17018.0,16
17019.0,234
17022.0,7
17024.0,3
17025.0,9
17026.0,4
17027.0,155
17029.0,2
17030.0,11
17031.0,22
17033.0,28
17034.0,32
17035.0,32
17037.0,77
17038.0,22
17040.0,15
17041.0,71
17042.0,98
17043.0,102
17044.0,10
17045.0,22
17046.0,22
17047.0,65
17048.0,48
17049.0,322
17050.0,316
17051.0,43
17052.0,92
17053.0,14
17054.0,84
17058.0,62
17059.0,516
17060.0,5
17061.0,101
17062.0,71
17063.0,82
17064.0,62
17065.0,1
17068.0,297
17069.0,154
17070.0,64
17071.0,148
17073.0,174
17075.0,80
17076.0,25
17078.0,28
17079.0,2
17080.0,9
17081.0,64
17082.0,81
17083.0,52
17084.0,162
17085.0,189
17086.0,96
17088.0,115
17090.0,64
17091.0,198
17092.0,125
17094.0,15
17095.0,77
17096.0,52
17097.0,213
17100.0,65
17101.0,42
17102.0,1
17105.0,90
17107.0,421
17109.0,121
17110.0,12
17111.0,30
17114.0,135
17115.0,43
17117.0,9
17118.0,10
17119.0,38
17120.0,18
17122.0,7
17123.0,9
17124.0,32
17125.0,40
17126.0,262
17128.0,14
17131.0,134
17133.0,27
17134.0,24
17135.0,52
17138.0,24
17139.0,487
17140.0,20
17142.0,15
17144.0,48
17146.0,35
17147.0,85
17148.0,9
17152.0,16
17153.0,14
17154.0,23
17155.0,20
17157.0,15
17158.0,67
17159.0,102
17160.0,229
17162.0,105
17163.0,5
17164.0,145
17165.0,10
17166.0,14
17169.0,60
17171.0,16
17172.0,16
17173.0,87
17174.0,4
17175.0,64
17176.0,15
17179.0,80
17180.0,131
17181.0,23
17183.0,76
17186.0,2
17187.0,10
17188.0,89
17189.0,61
17190.0,20
17191.0,237
17193.0,35
17194.0,29
17197.0,29
17198.0,96
17201.0,40
17203.0,152
17204.0,67
17205.0,13
17206.0,7
17211.0,213
17212.0,4
17213.0,164
17214.0,104
17217.0,9
17218.0,274
17219.0,25
17220.0,472
17221.0,63
17222.0,28
17223.0,49
17226.0,21
17227.0,47
17228.0,208
17229.0,47
17230.0,73
17231.0,546
17232.0,36
17233.0,25
17234.0,14
17235.0,29
17236.0,105
17237.0,19
17238.0,566
17239.0,16
17242.0,40
17243.0,407
17244.0,31
17245.0,9
17247.0,55
17248.0,69
17250.0,57
17251.0,39
17252.0,87
17253.0,18
17254.0,112
17255.0,78
17256.0,16
17259.0,124
17262.0,12
17263.0,23
17265.0,127
17266.0,80
17267.0,38
17268.0,6
17272.0,116
17274.0,27
17277.0,69
17278.0,15
17279.0,9
17282.0,94
17284.0,294
17286.0,45
17287.0,124
17288.0,142
17289.0,112
17290.0,102
17291.0,1
17293.0,135
17295.0,69
17297.0,51
17298.0,30
17299.0,57
17301.0,66
17302.0,81
17303.0,53
17306.0,69
17307.0,1
17309.0,12
17311.0,55
17312.0,14
17313.0,28
17314.0,136
17315.0,487
17317.0,11
17320.0,73
17321.0,107
17323.0,204
17324.0,50
17325.0,6
17329.0,33
17330.0,6
17331.0,1
17333.0,28
17334.0,12
17337.0,548
17338.0,757
17339.0,9
17340.0,424
17341.0,183
17343.0,17
17344.0,32
17345.0,87
17346.0,503
17347.0,1
17348.0,215
17349.0,9
17350.0,72
17351.0,27
17353.0,8
17354.0,16
17356.0,19
17357.0,45
17358.0,59
17359.0,15
17360.0,132
17361.0,29
17362.0,35
17364.0,414
17365.0,468
17367.0,34
17368.0,128
17370.0,33
17371.0,87
17372.0,253
17373.0,57
17374.0,28
17375.0,71
17376.0,24
17377.0,419
17379.0,83
17381.0,110
17382.0,2
17383.0,51
17384.0,15
17385.0,47
17386.0,28
17387.0,78
17388.0,15
17389.0,224
17391.0,3
17392.0,62
17394.0,4
17396.0,27
17397.0,92
17398.0,38
17400.0,213
17402.0,59
17403.0,33
17404.0,201
17405.0,94
17406.0,116
17408.0,2
17409.0,13
17410.0,64
17411.0,43
17412.0,66
17414.0,6
17415.0,14
17416.0,271
17418.0,30
17419.0,208
17420.0,30
17422.0,135
17423.0,28
17425.0,43
17426.0,272
17427.0,2
17428.0,343
17429.0,42
17430.0,14
17431.0,43
17432.0,48
17433.0,54
17434.0,138
17436.0,9
17438.0,19
17440.0,8
17442.0,140
17443.0,1
17444.0,135
17446.0,9
17447.0,36
17448.0,1
17449.0,279
17450.0,351
17451.0,107
17453.0,19
17454.0,61
17455.0,8
17456.0,17
17457.0,19
17458.0,54
17459.0,111
17460.0,37
17461.0,111
17462.0,28
17463.0,219
17464.0,9
17466.0,41
17468.0,5
17469.0,90
17470.0,78
17472.0,181
17475.0,14
17480.0,31
17481.0,83
17483.0,21
17486.0,24
17489.0,29
17490.0,86
17491.0,110
17492.0,12
17495.0,27
17496.0,10
17498.0,17
17499.0,40
17500.0,5
17501.0,18
17502.0,28
17503.0,38
17504.0,140
17505.0,52
17506.0,16
17507.0,88
17508.0,22
17509.0,369
17510.0,20
17511.0,1076
17512.0,106
17513.0,6
17514.0,40
17515.0,87
17516.0,137
17517.0,11
17519.0,83
17520.0,30
17521.0,46
17522.0,73
17523.0,33
17524.0,6
17525.0,9
17526.0,23
17527.0,49
17528.0,260
17530.0,394
17531.0,15
17534.0,9
17535.0,13
17536.0,3
17537.0,75
17538.0,9
17540.0,26
17542.0,25
17545.0,145
17547.0,2
17548.0,17
17549.0,6
17550.0,42
17551.0,43
17552.0,51
17553.0,2
17554.0,88
17555.0,106
17556.0,6
17557.0,34
17560.0,27
17561.0,46
17562.0,64
17564.0,49
17566.0,152
17567.0,177
17569.0,29
17571.0,299
17572.0,12
17573.0,26
17574.0,8
17576.0,417
17578.0,6
17579.0,52
17580.0,45
17581.0,452
17582.0,29
17584.0,36
17585.0,214
17588.0,23
17589.0,253
17590.0,201
17591.0,167
17593.0,215
17594.0,50
17595.0,83
17596.0,270
17597.0,55
17600.0,13
17601.0,9
17602.0,565
17603.0,15
17604.0,63
17608.0,59
17609.0,238
17611.0,582
17612.0,142
17613.0,319
17614.0,100
17615.0,14
17616.0,3
17618.0,78
17619.0,77
17620.0,4
17621.0,27
17623.0,33
17624.0,50
17625.0,315
17628.0,5
17629.0,124
17630.0,26
17631.0,39
17633.0,72
17634.0,297
17636.0,24
17637.0,35
17639.0,7
17640.0,5
17642.0,40
17643.0,8
17644.0,169
17646.0,54
17647.0,7
17648.0,92
17649.0,53
17650.0,8
17651.0,239
17652.0,270
17653.0,50
17654.0,22
17655.0,93
17656.0,82
17658.0,23
17659.0,161
17660.0,45
17663.0,90
17664.0,43
17666.0,18
17667.0,117
17668.0,15
17669.0,68
17670.0,11
17671.0,61
17672.0,115
17673.0,228
17674.0,27
17675.0,721
17676.0,79
17677.0,321
17678.0,16
17679.0,30
17680.0,11
17682.0,119
17684.0,15
17685.0,130
17686.0,286
17690.0,258
17691.0,19
17692.0,47
17693.0,18
17694.0,15
17695.0,35
17696.0,126
17697.0,19
17698.0,8
17700.0,146
17701.0,24
17702.0,80
17703.0,55
17704.0,31
17705.0,108
17706.0,395
17707.0,5
17708.0,35
17709.0,7
17711.0,23
17712.0,29
17714.0,10
17715.0,1
17716.0,254
17718.0,6
17719.0,278
17720.0,50
17722.0,120
17723.0,10
17724.0,45
17725.0,198
17727.0,67
17728.0,169
17730.0,220
17731.0,83
17732.0,18
17733.0,35
17734.0,43
17735.0,690
17736.0,26
17737.0,10
17738.0,99
17739.0,48
17742.0,15
17744.0,137
17746.0,8
17747.0,2
17749.0,35
17750.0,193
17752.0,1
17754.0,93
17757.0,742
17758.0,412
17759.0,95
17760.0,25
17761.0,19
17763.0,1
17764.0,75
17765.0,57
17767.0,21
17768.0,105
17769.0,313
17770.0,38
17771.0,54
17772.0,53
17774.0,157
17775.0,3
17777.0,194
17779.0,84
17781.0,12
17783.0,67
17785.0,13
17786.0,72
17787.0,134
17788.0,5
17789.0,14
17790.0,190
17791.0,10
17793.0,58
17795.0,46
17796.0,82
17797.0,111
17799.0,410
17800.0,104
17802.0,147
17805.0,10
17806.0,43
17809.0,64
17811.0,872
17812.0,141
17813.0,378
17816.0,17
17817.0,33
17819.0,49
17820.0,5
17824.0,13
17827.0,220
17828.0,82
17829.0,30
17830.0,23
17831.0,2
17832.0,61
17835.0,61
17836.0,24
17837.0,172
17838.0,137
17839.0,56
17841.0,7983
17843.0,37
17844.0,5
17846.0,1
17848.0,51
17849.0,26
17850.0,312
17852.0,24
17854.0,15
17855.0,17
17856.0,17
17857.0,56
17858.0,199
17859.0,25
17860.0,58
17861.0,223
17862.0,11
17863.0,148
17864.0,102
17865.0,389
17866.0,10
17867.0,81
17869.0,40
17870.0,280
17871.0,10
17873.0,46
17874.0,47
17877.0,12
17878.0,26
17879.0,6
17880.0,26
17881.0,8
17883.0,145
17884.0,117
17885.0,64
17886.0,109
17887.0,10
17888.0,81
17889.0,21
17890.0,94
17891.0,34
17892.0,28
17893.0,16
17894.0,193
17895.0,16
17896.0,2
17897.0,115
17898.0,28
17899.0,32
17900.0,11
17901.0,19
17904.0,39
17905.0,34
17906.0,12
17908.0,58
17911.0,39
17912.0,40
17913.0,59
17914.0,80
17917.0,94
17919.0,23
17920.0,696
17921.0,145
17923.0,1
17924.0,38
17925.0,1
17926.0,21
17928.0,23
17929.0,6
17930.0,39
17931.0,65
17932.0,90
17934.0,21
17935.0,29
17936.0,77
17937.0,43
17939.0,12
17940.0,23
17941.0,2
17942.0,2
17946.0,20
17947.0,9
17948.0,1
17949.0,79
17950.0,72
17951.0,21
17954.0,489
17955.0,19
17956.0,1
17957.0,31
17958.0,7
17960.0,26
17961.0,249
17962.0,35
17964.0,104
17965.0,329
17966.0,68
17967.0,48
17968.0,85
17969.0,14
17970.0,31
17972.0,31
17973.0,15
17974.0,179
17975.0,297
17976.0,65
17977.0,21
17978.0,12
17979.0,147
17980.0,30
17984.0,48
17985.0,23
17986.0,1
17987.0,13
17988.0,39
17990.0,29
17991.0,5
17994.0,84
17995.0,2
17997.0,180
17999.0,93
18001.0,58
18004.0,40
18005.0,60
18006.0,22
18008.0,30
18009.0,33
18010.0,14
18011.0,28
18013.0,31
18014.0,32
18015.0,46
18016.0,123
18017.0,3
18018.0,29
18019.0,5
18022.0,191
18024.0,22
18027.0,21
18030.0,10
18032.0,5
18033.0,34
18034.0,112
18035.0,53
18036.0,96
18037.0,19
18040.0,19
18041.0,474
18042.0,7
18043.0,121
18044.0,128
18045.0,47
18048.0,7
18050.0,5
18053.0,21
18055.0,363
18056.0,19
18058.0,3
18059.0,21
18061.0,46
18062.0,27
18064.0,7
18065.0,138
18066.0,10
18067.0,37
18068.0,1
18069.0,472
18071.0,25
18072.0,36
18073.0,76
18074.0,13
18075.0,153
18077.0,227
18078.0,29
18079.0,127
18080.0,2
18081.0,17
18082.0,73
18084.0,2
18085.0,29
18086.0,7
18087.0,7
18088.0,39
18092.0,90
18093.0,38
18094.0,70
18095.0,21
18096.0,213
18097.0,109
18099.0,19
18101.0,41
18102.0,433
18104.0,38
18105.0,18
18106.0,39
18108.0,19
18109.0,454
18110.0,49
18112.0,26
18113.0,1
18114.0,28
18116.0,378
18117.0,74
18118.0,1284
18119.0,30
18120.0,17
18121.0,32
18122.0,364
18123.0,36
18125.0,197
18126.0,56
18127.0,47
18129.0,14
18130.0,71
18133.0,2
18135.0,20
18136.0,39
18138.0,8
18139.0,162
18141.0,1
18142.0,18
18143.0,61
18144.0,43
18145.0,221
18146.0,10
18147.0,7
18149.0,16
18150.0,37
18151.0,38
18154.0,21
18155.0,28
18156.0,140
18158.0,35
18159.0,23
18160.0,39
18161.0,81
18164.0,25
18165.0,10
18167.0,43
18168.0,140
18169.0,9
18170.0,38
18171.0,56
18172.0,197
18173.0,31
18174.0,1
18176.0,33
18177.0,75
18178.0,99
18179.0,90
18180.0,119
18181.0,44
18183.0,44
18184.0,1
18185.0,17
18188.0,72
18189.0,69
18190.0,16
18191.0,7
18192.0,45
18193.0,18
18194.0,9
18196.0,141
18198.0,166
18200.0,32
18202.0,68
18203.0,19
18204.0,202
18205.0,32
18209.0,8
18210.0,134
18211.0,42
18212.0,43
18213.0,15
18215.0,13
18216.0,26
18217.0,31
18218.0,24
18219.0,115
18220.0,4
18221.0,65
18222.0,19
18223.0,299
18224.0,10
18225.0,286
18226.0,245
18227.0,5
18228.0,32
18229.0,164
18230.0,89
18231.0,126
18232.0,40
18233.0,1
18235.0,104
18236.0,49
18237.0,61
18239.0,88
18240.0,6
18241.0,105
18242.0,78
18245.0,177
18246.0,4
18248.0,49
18249.0,8
18250.0,22
18251.0,16
18252.0,98
18255.0,6
18256.0,4
18257.0,123
18259.0,42
18260.0,140
18261.0,21
18262.0,13
18263.0,62
18265.0,46
18268.0,2
18269.0,8
18270.0,13
18272.0,170
18273.0,3
18274.0,22
18276.0,16
18277.0,9
18278.0,9
18280.0,10
18281.0,7
18282.0,13
18283.0,756
18287.0,70
